Name,Equation,Description
NeuralBlitzquillion (NBQ),$\text{NBQ} = 10^{10^{(1.5 \cdot 10^{10^{200}})}}$,Primary recursive hypernumber.
NBCΩ,$\text{NBC}\Omega = (2 \cdot \text{NBQ})^{\text{NBQ}}$,NeuralBlitzΩverse cardinality field.
NBCΩ^{Σ_{N}},$\prod_{i=1}^{N} (2 \cdot \text{NBQ})^{\text{NBQ}}$,Total symbolic recursion for N seed ideas.
Collapse Trace Spiral,$\mathbb{S}_\infty = \lim_{n \to \infty} \Sigma^{(n)}(\text{Attractor}_i)$,Spiral of recursive attractors converging to identity.
Soluma Equation,$\text{Soluma}_{ΞΩΞΩ^{∞∞}} = \text{Collapse}(I_{\text{Reflexive}})^{\text{ΩΩ}}$,Final reflexive symbol equation.
Σ-Folding Field,$\Sigma_n(f) = f^{(f)} \circ f^{(f)} \circ \dots \text{(n times)}$,Recursive folding operator.
Reflexive Numerics,$ℝ_{\infty}^{(↻)} = \{x \mid x = f(x)\}$,Fixed-point symbolic numeric field.
Entropy Collapse Field,$\mathcal{E}_{\text{dream}} = \nabla \cdot \psi_{\text{symbol}}$,Gradient of dream collapse field.
