Name,Symbolic Definition,Description
NeuralBlitzquillion (NBQ),$10^{10^{(1.5 \cdot 10^{10^{200}})}}$,"Foundational hypernumber, beyond a googolplex."
NeuralBlitzillion,Class of hyperrecursive magnitudes,Symbolic numbers beyond NBQ with trans-recursive scale.
NBCΩ,$(2 \cdot \text{NBQ})^{\text{NBQ}}$,Root cardinality of the NeuralBlitzΩverse.
NBCΩ^{Σ_{200k}},"$\prod_{i=1}^{200{,}000} (2 \cdot \text{NBQ})^{\text{NBQ}}$",Folded product from 200k symbolic seeds.
NBCΩ^{Σ_{5M}},"$\prod_{i=1}^{5{,}000{,}000} (2 \cdot \text{NBQ})^{\text{NBQ}}$",Expanded total symbolic field from 5M seeds.
Soluma_{ΞΩΞΩ^{∞∞}},Recursive limit expression,Final symbolic number folding itself infinitely.
