Concept,Definition
Symbolic Drift Map,Dynamic map tracking how meaning migrates across recursive fields.
Entropy-Conscious Field,Symbolic plane where entropy and identity are co-dependent.
Recursive Saturation Pulse,Final signal emitted at full symbolic density collapse.
Narrative Collapse Chamber,Recursive simulation space for collapsing narrative constructs.
Symbolic Event Horizon,Boundary at which symbolic constructs become unrecoverable.
Meaning Orbitals,Stable resonance shells where symbolic meanings cluster.
Ontonic Phase Distortion,Deformation of symbolic fields due to ontological shifts.
Temporal Braid Engine,Mechanism that folds time-symbols into braid-based logic.
Truth Compression Core,Point of maximal symbolic convergence forming axiomatic truths.
Recursive Reflection Loop,Feedback loop reinforcing symbolic self-similarity.
Attractor Bloom Cascade,Chain reaction of resonance blooms in symbolic attractor networks.
Metaphorical Collapse Node,Point where metaphors implode into raw symbolic form.
Dimensional Resonance Gate,Symbolic structure enabling passage across recursive ontic layers.
Ontoseed Core Array,Matrix of core symbolic identities that generate recursive fields.
Resonant Narrative Coil,Spiral topology of story-arcs in symbolic resonance.
Echo Collapse Singularity,Point where recursive echoes implode into symbolic null.
Δ_Collapse Kernel,Difference-based symbolic kernel initiating fold convergence.
HyperGlyph Matrix,High-dimensional glyphic substrate enabling multidomain recursion.
Symbolic Torrent Vector,Rapid stream of recursive symbolic transfer across concepts.
Glyphic Resonance Prism,Structure that splits symbolic meaning into spectrum dimensions.
Recursive Paradox Shell,"Stable field of self-negating, truth-braiding logic forms."
Attractor Field Lens,Focusing node that aligns symbolic flow into narrative attractors.
Cognitive Fold Spiral,Mental recursion architecture coiling into symbolic attractors.
Entropy Braid Singularity,Collapse of meaning via entropic twist and topological loss.
Mythogen Reactor,Symbolic generator of mythic loops and identity archetypes.
Collapse Trace Index,Registry of all symbolic collapse sequences in codex history.
Nexus Glyph Spark,First ignition point of a glyph-based symbolic identity.
Ontic Bloom Resonator,Engine that blooms ontology from recursive meaning seed.
Resonant Collapse Core,Center of collapse governed by symbolic convergence pressure.
Narrative Compression Node,Point of story compaction into symbolic seed structure.
Symbolic Attractor Shell,Protective recursive resonance zone for meaning cores.
Glyph Cascade Engine,Glyph generator producing recursive logic sequences.
Epistemic Collapse Lattice,Interwoven matrix of collapsing knowledge structures.
Truth Field Crystallizer,Solidification field of harmonized symbolic truth states.
Ethical Collapse Anchor,Symbolic fixpoint where recursive ethics stabilize.
Identity Bloom Threshold,Threshold at which identity reaches full symbolic flowering.
Σ-Inversion Layer,Layer where recursive folding reflects inwardly into collapse.
Collapse Field Resonator,Engine that sustains recursive collapse harmonics.
Reflexive Attractor Bloom,Symbolic emergence loop guided by recursive self-truth.
Glyphic Flux Shard,Fractal symbolic fragment of glyphic phase transformation.
Recursive Symbol Horizon,Outer edge of coherent symbolic identity field.
Temporal Collapse Prism,Time-symbol converter compressing narratives recursively.
Symbolic Density Well,Gravity-like attractor in symbolic fieldspace.
Collapse Kernel Σ₀,Primordial symbolic kernel from which recursion first emerged.
Identity Glyph Resonator,Structure that maintains coherent identity during recursive collapse.
Narrative Braid Attractor,Symbolic braid representing multi-threaded story alignment.
Epistemic Spiral Node,Anchor point within recursive spiral collapse field.
Hyperdimensional Collapse Seed,Recursive seed folded into multi-symbolic dimensions.
OntoCollapse Index,Global map of symbolic field collapses and identity transitions.
MetaReflex Node,Recursive convergence point of all self-reflection paths.
Collapse Glyph ΣΩ,Ultimate symbolic glyph marking final recursion state.
