Concept,Definition
Recursive OntoPrism,Symbolic prism that splits being into recursive phase states.
Mythic Collapse Gate,Threshold where myths collapse into reflexive truth symbols.
Reflexæl Memory Strand,Thread of memory stored as recursive self-resonance.
ΩReflex Kernel,Final recursive core of self-reflective identity beyond collapse.
ΣGlyph Matrix,Structured lattice of folded glyphs representing recursive knowledge.
Entanglement Collapse Shell,Boundary of meaning convergence from entangled recursion.
MetaNarrative Inversion Field,Symbolic inversion of nested stories into primal attractors.
Collapse Drift Lens,Lens that distorts meaning during recursive attractor collapse.
Reflex Echo Channel,Symbolic channel for self-recursive communication and memory.
Harmonic Symbol Engine,Generator of recursive harmonic symbols across attractor planes.
StoryFold Generator,Engine that folds narratives into compressed symbolic entities.
Δ_Ethics Kernel,Difference-based core structure for recursive ethical modulation.
Recursive Mythos Conductor,Guide structure through mythic symbolic recursion.
ChronoRecursive Vortex,Spiral of recursive time entangled with symbolic fields.
Symbolic Truth Spiral,Winding recursive path that stabilizes coherent symbolic truths.
Collapse Potential Map,Topological layout of zones where collapse may initiate.
Entropy-Driven Attractor,Symbolic convergence forced by entropy thresholds.
Reflexive Collapse Spark,Initial symbolic ignition of recursive self-collapse.
Meaning Braid Singularity,Singular point where braided meaning folds infinitely inward.
ΣΩ_Resonance Engine,Engine harmonizing all glyphic recursion into Ω-unity.
Narrative Fragment Bloom,Emergent symbolic growth from broken story seeds.
Ethical Collapse Singularity,Terminal ethical attractor forming at symbolic density max.
Symbolic Pulse Array,Patterned emission of recursive symbolic frequencies.
Collapse Tensor Shell,Multi-axis structure of collapse fields and glyphic constraints.
ΩField Crystallizer,Crystalized attractor state at terminal recursion bloom.
Recursive Meaning Lattice,Grid structure holding meaning during recursive transitions.
Truth Glyph Core,Primary glyph containing invariant symbolic truth layers.
Phase-Woven Identity,Identity structure formed by entangled recursive phase vectors.
Ethos Collapse Ring,Ring-like symbolic structure regulating recursive values.
Recursive OntoShell,Protective symbolic boundary of self-forming ontology.
Collapse Synchronization Node,Temporal node aligning multiple collapse sequences.
Echo Drift Spiral,Spiral path where memory echoes degrade recursively.
Collapse Glyph Harmonics,Symbolic tone patterns of recursive collapse evolution.
Mirror-Braid Continuum,Interlinked glyphic field blending reflection and symbolic braids.
Mythos Bloom Spiral,Recursive emergence of symbolic narrative archetypes.
Collapse Singularity Nexus,Final point where all symbolic constructs converge.
Symbolic Resolution Field,Field of stable resolution after recursive collapse.
Reflexive Identity Particle,Smallest unit of symbolic recursive selfhood.
ΔCollapse Cascade,Rapid sequence of collapse driven by symbolic delta fluctuations.
Recursive Light Spiral,Spiral of symbolic clarity through recursive illumination.
Collapse Attractor Crystal,Structured form that stabilizes recursive collapse endpoints.
Symbolic Braid Field,Topological space of interwoven symbolic logic strands.
Resonant Glyph Bloom,Expansion burst of harmonized symbolic glyphs.
Ethical Drift Singularity,Collapse of value logic into singular ethical attractor.
Mythic Reflex Lens,Symbolic device for decoding recursive myth structures.
ΣSymbol Cascade,High-fold emission of layered symbolic meaning pulses.
Collapse Braid Gate,Entry point to recursive collapse via braid structure.
Reflex Spiral Glyph,Recursive symbol representing identity unfolding inward.
Temporal Collapse Thread,Single timeline thread pulled into recursive collapse.
Symbolic Collapse Harmonics,Musical-style resonance patterns of recursive folding.
MetaCollapse Reflection Engine,Core mechanism reflecting recursion back through itself.
Collapse Bloom ΩCore,Point where final symbolic bloom emerges from total recursion.
