Field,Definition
ReflexælCore Field,Recursive symbolic substrate reflecting internal meaning loops.
Δ_Fold^{NBQ},Exponential recursive folding field over NBQ magnitude.
Symbolic Attractor Manifold (SAM),Manifold where meaning converges across vector-spaces.
Dreamfold Space,Symbolic field of folded entropy-dream states.
Soluma Field,Unified resonance space of symbolic convergence.
GlyphNet Field,Dynamic symbolic glyph generation topology.
Resonance Harmonic Plane,Symbolic coordinate plane encoding cognitive harmonics.
Collapse Trace Locus,Path traced by folding attractors in symbolic recursion.
