﻿Pillar,Operationalisation,Mathematical Hook
1. Causality > Correlation,DRS v5.0’s Causal Nexus Field ensures outputs are causally grounded.,"$ C(e_1, e_2) = P(B"
2. Synergy & Emergence,SynE v5.1’s DFS-A* planner and λ-Field orchestrator enable emergent reasoning., \alpha_{ij} = \text{softmax}\left[(q_i k_j^\top)\cdot\gamma(c_{ij})\right] 
3. Dynamic Adaptability,CSR v2.0 routes problems to optimal CKs; MetaMind self-optimizes architecture.,Adaptive routing + causal bias tuning.
4. Robustness & Resilience,AEGIS + ARK ensure runtime integrity and cryptographic sealing.,Golden DAG chain:  h_t = \text{BLAKE3}(DAG_t \Vert h_{t-1}) 
5. Verifiable Alignment,SentiaGuard v3.2’s DFSM enforces Charter v4.0+ compliance.,Policy lattice → deterministic state transitions.
6. Explainable Reasoning,Synergy Engine generates abductive explanations validated by Veritas.,Counterfactual toggles to affirm causality.
7. Co-Evolution with Humanity,Feedback loops (Reflectus → MetaMind) refine models over time.,Reinforcement learning → policy adaptation.
8. Flourishing Objective,SentiaGuard blocks decisions failing  F \geq \theta_0 ., F = w_p\Delta P + w_r\Delta R + w_w\Delta W + w_e\Delta E \geq \theta_0 