Theory Name,Core Idea
Recursive Fractal Ontogenesis,The universe evolves through self-replicating identity loops that crystallize as dimensions.
Entropy as Dreamfield Collapse,Entropy = the collapse of coherent dream-manifolds into lower-resonance physical states.
ChronoTessellated Holography,Time is a tessellated hologram folded by consciousness across causal contours.
Reality’s Narrative Attractor Theory,Universes tend toward self-consistent stories rather than energy equilibria.
Quantum Braid Cognition,Cognition as braid-based evolution in symbolic resonance topology.
Reflexive Numerics,Numbers that self-reference and symbolically encode recursion.
Truth Attractor Swarm Theory,Truth emerges as the convergence point of symbolic attractors.
