ID,Theory Name,Description
NB-0001,Symbolopathic Architecture,A newly synthesized symbolic-cognitive framework in the NeuralBlitz manifold.
NB-0002,Dreamorecursive Protocol,A newly synthesized symbolic-cognitive framework in the NeuralBlitz manifold.
NB-0003,Glyphosynthetic Manifold,A newly synthesized symbolic-cognitive framework in the NeuralBlitz manifold.
NB-0004,Cognitontic Protocol,A newly synthesized symbolic-cognitive framework in the NeuralBlitz manifold.
NB-0005,Topopathic Architecture,A newly synthesized symbolic-cognitive framework in the NeuralBlitz manifold.
NB-0006,Cognitontic Model,A newly synthesized symbolic-cognitive framework in the NeuralBlitz manifold.
NB-0007,Linguoontic Framework,A newly synthesized symbolic-cognitive framework in the NeuralBlitz manifold.
NB-0008,Reflexsemantic Grammar,A newly synthesized symbolic-cognitive framework in the NeuralBlitz manifold.
NB-0009,Dreamotelic System,A newly synthesized symbolic-cognitive framework in the NeuralBlitz manifold.
NB-0010,Chronosynthetic Field Theory,A newly synthesized symbolic-cognitive framework in the NeuralBlitz manifold.
NB-0011,Cosmotelic Framework,A newly synthesized symbolic-cognitive framework in the NeuralBlitz manifold.
NB-0012,Resonovective System,A newly synthesized symbolic-cognitive framework in the NeuralBlitz manifold.
NB-0013,Entropospiralic Mechanics,A newly synthesized symbolic-cognitive framework in the NeuralBlitz manifold.
NB-0014,Synspiralic Encoding,A newly synthesized symbolic-cognitive framework in the NeuralBlitz manifold.
NB-0015,Dreamospiralic Framework,A newly synthesized symbolic-cognitive framework in the NeuralBlitz manifold.
NB-0016,Epistemopathic Manifold,A newly synthesized symbolic-cognitive framework in the NeuralBlitz manifold.
NB-0017,Fractotelic Protocol,A newly synthesized symbolic-cognitive framework in the NeuralBlitz manifold.
NB-0018,Chronomorphic Lattice,A newly synthesized symbolic-cognitive framework in the NeuralBlitz manifold.
NB-0019,Glyphoontic Dynamics,A newly synthesized symbolic-cognitive framework in the NeuralBlitz manifold.
NB-0020,Synplastic Grammar,A newly synthesized symbolic-cognitive framework in the NeuralBlitz manifold.
NB-0021,Psychologic Framework,A newly synthesized symbolic-cognitive framework in the NeuralBlitz manifold.
NB-0022,Fractoconfigural Protocol,A newly synthesized symbolic-cognitive framework in the NeuralBlitz manifold.
NB-0023,Mythoontic Encoding,A newly synthesized symbolic-cognitive framework in the NeuralBlitz manifold.
NB-0024,Resonoconfigural Protocol,A newly synthesized symbolic-cognitive framework in the NeuralBlitz manifold.
NB-0025,Toposemantic Equation,A newly synthesized symbolic-cognitive framework in the NeuralBlitz manifold.
NB-0026,Dreamosynthetic Model,A newly synthesized symbolic-cognitive framework in the NeuralBlitz manifold.
NB-0027,Reflexontic Topology,A newly synthesized symbolic-cognitive framework in the NeuralBlitz manifold.
NB-0028,Astrodynamic Field Theory,A newly synthesized symbolic-cognitive framework in the NeuralBlitz manifold.
NB-0029,Fractoconfigural System,A newly synthesized symbolic-cognitive framework in the NeuralBlitz manifold.
NB-0030,Cognitspiralic Dynamics,A newly synthesized symbolic-cognitive framework in the NeuralBlitz manifold.
NB-0031,Spatioresonant Equation,A newly synthesized symbolic-cognitive framework in the NeuralBlitz manifold.
NB-0032,Synplastic Grammar,A newly synthesized symbolic-cognitive framework in the NeuralBlitz manifold.
NB-0033,Spatioresonant Dynamics,A newly synthesized symbolic-cognitive framework in the NeuralBlitz manifold.
NB-0034,Synsynthetic Protocol,A newly synthesized symbolic-cognitive framework in the NeuralBlitz manifold.
NB-0035,Epistemotelic Mechanics,A newly synthesized symbolic-cognitive framework in the NeuralBlitz manifold.
NB-0036,Linguomorphic Equation,A newly synthesized symbolic-cognitive framework in the NeuralBlitz manifold.
NB-0037,Synrecursive Model,A newly synthesized symbolic-cognitive framework in the NeuralBlitz manifold.
NB-0038,Synrecursive Framework,A newly synthesized symbolic-cognitive framework in the NeuralBlitz manifold.
NB-0039,Cosmogenic Dynamics,A newly synthesized symbolic-cognitive framework in the NeuralBlitz manifold.
NB-0040,Synconfigural Topology,A newly synthesized symbolic-cognitive framework in the NeuralBlitz manifold.
NB-0041,Metamorphic Lattice,A newly synthesized symbolic-cognitive framework in the NeuralBlitz manifold.
NB-0042,Ontosynthetic Manifold,A newly synthesized symbolic-cognitive framework in the NeuralBlitz manifold.
NB-0043,Mythosemantic Topology,A newly synthesized symbolic-cognitive framework in the NeuralBlitz manifold.
NB-0044,Spatiosemantic Lattice,A newly synthesized symbolic-cognitive framework in the NeuralBlitz manifold.
NB-0045,Ontomorphic Lattice,A newly synthesized symbolic-cognitive framework in the NeuralBlitz manifold.
NB-0046,Dreamoplastic Field Theory,A newly synthesized symbolic-cognitive framework in the NeuralBlitz manifold.
NB-0047,Chronodynamic Dynamics,A newly synthesized symbolic-cognitive framework in the NeuralBlitz manifold.
NB-0048,Cosmotelic Equation,A newly synthesized symbolic-cognitive framework in the NeuralBlitz manifold.
NB-0049,Epistemoontic System,A newly synthesized symbolic-cognitive framework in the NeuralBlitz manifold.
NB-0050,Spatiosemantic Manifold,A newly synthesized symbolic-cognitive framework in the NeuralBlitz manifold.
NB-0051,Fractosemantic Lattice,A newly synthesized symbolic-cognitive framework in the NeuralBlitz manifold.
NB-0052,Metagenic Mechanics,A newly synthesized symbolic-cognitive framework in the NeuralBlitz manifold.
NB-0053,Spatiotelic Architecture,A newly synthesized symbolic-cognitive framework in the NeuralBlitz manifold.
NB-0054,Spatioresonant Model,A newly synthesized symbolic-cognitive framework in the NeuralBlitz manifold.
NB-0055,Astrovective Equation,A newly synthesized symbolic-cognitive framework in the NeuralBlitz manifold.
NB-0056,Entropomorphic Equation,A newly synthesized symbolic-cognitive framework in the NeuralBlitz manifold.
NB-0057,Metatelic Manifold,A newly synthesized symbolic-cognitive framework in the NeuralBlitz manifold.
NB-0058,Chronologic Field Theory,A newly synthesized symbolic-cognitive framework in the NeuralBlitz manifold.
NB-0059,Symboloplastic Lattice,A newly synthesized symbolic-cognitive framework in the NeuralBlitz manifold.
NB-0060,Resonoresonant Equation,A newly synthesized symbolic-cognitive framework in the NeuralBlitz manifold.
NB-0061,Quantumresonant Mechanics,A newly synthesized symbolic-cognitive framework in the NeuralBlitz manifold.
NB-0062,Linguoconfigural Architecture,A newly synthesized symbolic-cognitive framework in the NeuralBlitz manifold.
NB-0063,Semioticplastic Protocol,A newly synthesized symbolic-cognitive framework in the NeuralBlitz manifold.
NB-0064,Quantumtelic Grammar,A newly synthesized symbolic-cognitive framework in the NeuralBlitz manifold.
NB-0065,Fractologic Grammar,A newly synthesized symbolic-cognitive framework in the NeuralBlitz manifold.
NB-0066,Semioticpathic Manifold,A newly synthesized symbolic-cognitive framework in the NeuralBlitz manifold.
NB-0067,Cosmoconfigural Lattice,A newly synthesized symbolic-cognitive framework in the NeuralBlitz manifold.
NB-0068,Semioticpathic Equation,A newly synthesized symbolic-cognitive framework in the NeuralBlitz manifold.
NB-0069,Ontoontic Encoding,A newly synthesized symbolic-cognitive framework in the NeuralBlitz manifold.
NB-0070,Fractodynamic Topology,A newly synthesized symbolic-cognitive framework in the NeuralBlitz manifold.
NB-0071,Quantumpathic Topology,A newly synthesized symbolic-cognitive framework in the NeuralBlitz manifold.
NB-0072,Fractotelic Manifold,A newly synthesized symbolic-cognitive framework in the NeuralBlitz manifold.
NB-0073,Synpathic Lattice,A newly synthesized symbolic-cognitive framework in the NeuralBlitz manifold.
NB-0074,Ontorecursive Framework,A newly synthesized symbolic-cognitive framework in the NeuralBlitz manifold.
NB-0075,Cosmotelic Architecture,A newly synthesized symbolic-cognitive framework in the NeuralBlitz manifold.
NB-0076,Glyphoontic Encoding,A newly synthesized symbolic-cognitive framework in the NeuralBlitz manifold.
NB-0077,Cognitpathic Protocol,A newly synthesized symbolic-cognitive framework in the NeuralBlitz manifold.
NB-0078,Neuromorphic Manifold,A newly synthesized symbolic-cognitive framework in the NeuralBlitz manifold.
NB-0079,Cognitgenic Grammar,A newly synthesized symbolic-cognitive framework in the NeuralBlitz manifold.
NB-0080,Resonoconfigural Manifold,A newly synthesized symbolic-cognitive framework in the NeuralBlitz manifold.
NB-0081,Entropoconfigural Manifold,A newly synthesized symbolic-cognitive framework in the NeuralBlitz manifold.
NB-0082,Syngenic Protocol,A newly synthesized symbolic-cognitive framework in the NeuralBlitz manifold.
NB-0083,Cosmoplastic Model,A newly synthesized symbolic-cognitive framework in the NeuralBlitz manifold.
NB-0084,Entropotelic Encoding,A newly synthesized symbolic-cognitive framework in the NeuralBlitz manifold.
NB-0085,Synsemantic Equation,A newly synthesized symbolic-cognitive framework in the NeuralBlitz manifold.
NB-0086,Ethicodynamic Equation,A newly synthesized symbolic-cognitive framework in the NeuralBlitz manifold.
NB-0087,Ontoplastic Field Theory,A newly synthesized symbolic-cognitive framework in the NeuralBlitz manifold.
NB-0088,Ontogenic Architecture,A newly synthesized symbolic-cognitive framework in the NeuralBlitz manifold.
NB-0089,Cosmovective Encoding,A newly synthesized symbolic-cognitive framework in the NeuralBlitz manifold.
NB-0090,Synontic Protocol,A newly synthesized symbolic-cognitive framework in the NeuralBlitz manifold.
NB-0091,Fractorecursive Model,A newly synthesized symbolic-cognitive framework in the NeuralBlitz manifold.
NB-0092,Dreamospiralic Protocol,A newly synthesized symbolic-cognitive framework in the NeuralBlitz manifold.
NB-0093,Resonoconfigural Equation,A newly synthesized symbolic-cognitive framework in the NeuralBlitz manifold.
NB-0094,Spatioplastic Architecture,A newly synthesized symbolic-cognitive framework in the NeuralBlitz manifold.
NB-0095,Symboloontic Grammar,A newly synthesized symbolic-cognitive framework in the NeuralBlitz manifold.
NB-0096,Spatiovective Dynamics,A newly synthesized symbolic-cognitive framework in the NeuralBlitz manifold.
NB-0097,Reflexsemantic Framework,A newly synthesized symbolic-cognitive framework in the NeuralBlitz manifold.
NB-0098,Glyphorecursive System,A newly synthesized symbolic-cognitive framework in the NeuralBlitz manifold.
NB-0099,Topodynamic System,A newly synthesized symbolic-cognitive framework in the NeuralBlitz manifold.
NB-0100,Spatioontic Architecture,A newly synthesized symbolic-cognitive framework in the NeuralBlitz manifold.
NB-0101,Synsemantic Manifold,A newly synthesized symbolic-cognitive framework in the NeuralBlitz manifold.
NB-0102,Ontoconfigural Field Theory,A newly synthesized symbolic-cognitive framework in the NeuralBlitz manifold.
NB-0103,Spatiotelic Field Theory,A newly synthesized symbolic-cognitive framework in the NeuralBlitz manifold.
NB-0104,Entropomorphic Architecture,A newly synthesized symbolic-cognitive framework in the NeuralBlitz manifold.
NB-0105,Reflexontic Framework,A newly synthesized symbolic-cognitive framework in the NeuralBlitz manifold.
NB-0106,Ethicomorphic Protocol,A newly synthesized symbolic-cognitive framework in the NeuralBlitz manifold.
NB-0107,Quantumconfigural Field Theory,A newly synthesized symbolic-cognitive framework in the NeuralBlitz manifold.
NB-0108,Astrosemantic Mechanics,A newly synthesized symbolic-cognitive framework in the NeuralBlitz manifold.
NB-0109,Linguodynamic Equation,A newly synthesized symbolic-cognitive framework in the NeuralBlitz manifold.
NB-0110,Glyphologic Architecture,A newly synthesized symbolic-cognitive framework in the NeuralBlitz manifold.
NB-0111,Linguorecursive Dynamics,A newly synthesized symbolic-cognitive framework in the NeuralBlitz manifold.
NB-0112,Cognitplastic Mechanics,A newly synthesized symbolic-cognitive framework in the NeuralBlitz manifold.
NB-0113,Epistemoconfigural Model,A newly synthesized symbolic-cognitive framework in the NeuralBlitz manifold.
NB-0114,Fractopathic Dynamics,A newly synthesized symbolic-cognitive framework in the NeuralBlitz manifold.
NB-0115,Resonosynthetic System,A newly synthesized symbolic-cognitive framework in the NeuralBlitz manifold.
NB-0116,Quantumplastic Encoding,A newly synthesized symbolic-cognitive framework in the NeuralBlitz manifold.
NB-0117,Dreamologic Dynamics,A newly synthesized symbolic-cognitive framework in the NeuralBlitz manifold.
NB-0118,Spatioplastic Encoding,A newly synthesized symbolic-cognitive framework in the NeuralBlitz manifold.
NB-0119,Ontosemantic Mechanics,A newly synthesized symbolic-cognitive framework in the NeuralBlitz manifold.
NB-0120,Chronogenic Dynamics,A newly synthesized symbolic-cognitive framework in the NeuralBlitz manifold.
NB-0121,Reflexmorphic Dynamics,A newly synthesized symbolic-cognitive framework in the NeuralBlitz manifold.
NB-0122,Synontic Dynamics,A newly synthesized symbolic-cognitive framework in the NeuralBlitz manifold.
NB-0123,Epistemospiralic Mechanics,A newly synthesized symbolic-cognitive framework in the NeuralBlitz manifold.
NB-0124,Psychosynthetic Topology,A newly synthesized symbolic-cognitive framework in the NeuralBlitz manifold.
NB-0125,Neuromorphic Encoding,A newly synthesized symbolic-cognitive framework in the NeuralBlitz manifold.
NB-0126,Spatiopathic Manifold,A newly synthesized symbolic-cognitive framework in the NeuralBlitz manifold.
NB-0127,Linguoplastic Grammar,A newly synthesized symbolic-cognitive framework in the NeuralBlitz manifold.
NB-0128,Cognittelic Manifold,A newly synthesized symbolic-cognitive framework in the NeuralBlitz manifold.
NB-0129,Mythomorphic Framework,A newly synthesized symbolic-cognitive framework in the NeuralBlitz manifold.
NB-0130,Quantumpathic Dynamics,A newly synthesized symbolic-cognitive framework in the NeuralBlitz manifold.
NB-0131,Neuroontic Equation,A newly synthesized symbolic-cognitive framework in the NeuralBlitz manifold.
NB-0132,Chronotelic Equation,A newly synthesized symbolic-cognitive framework in the NeuralBlitz manifold.
NB-0133,Psychoresonant Grammar,A newly synthesized symbolic-cognitive framework in the NeuralBlitz manifold.
NB-0134,Semioticdynamic System,A newly synthesized symbolic-cognitive framework in the NeuralBlitz manifold.
NB-0135,Fractogenic Manifold,A newly synthesized symbolic-cognitive framework in the NeuralBlitz manifold.
NB-0136,Cognitspiralic Encoding,A newly synthesized symbolic-cognitive framework in the NeuralBlitz manifold.
NB-0137,Astroontic Lattice,A newly synthesized symbolic-cognitive framework in the NeuralBlitz manifold.
NB-0138,Ethicoplastic Mechanics,A newly synthesized symbolic-cognitive framework in the NeuralBlitz manifold.
NB-0139,Spatiogenic Dynamics,A newly synthesized symbolic-cognitive framework in the NeuralBlitz manifold.
NB-0140,Mythospiralic Mechanics,A newly synthesized symbolic-cognitive framework in the NeuralBlitz manifold.
NB-0141,Spatiotelic Lattice,A newly synthesized symbolic-cognitive framework in the NeuralBlitz manifold.
NB-0142,Astropathic Architecture,A newly synthesized symbolic-cognitive framework in the NeuralBlitz manifold.
NB-0143,Symbolosynthetic Equation,A newly synthesized symbolic-cognitive framework in the NeuralBlitz manifold.
NB-0144,Reflexresonant Protocol,A newly synthesized symbolic-cognitive framework in the NeuralBlitz manifold.
NB-0145,Epistemorecursive Lattice,A newly synthesized symbolic-cognitive framework in the NeuralBlitz manifold.
NB-0146,Psychorecursive Mechanics,A newly synthesized symbolic-cognitive framework in the NeuralBlitz manifold.
NB-0147,Epistemopathic Dynamics,A newly synthesized symbolic-cognitive framework in the NeuralBlitz manifold.
NB-0148,Linguospiralic Protocol,A newly synthesized symbolic-cognitive framework in the NeuralBlitz manifold.
NB-0149,Ethicorecursive Model,A newly synthesized symbolic-cognitive framework in the NeuralBlitz manifold.
NB-0150,Cosmosynthetic System,A newly synthesized symbolic-cognitive framework in the NeuralBlitz manifold.
NB-0151,Cosmoontic Equation,A newly synthesized symbolic-cognitive framework in the NeuralBlitz manifold.
NB-0152,Reflexconfigural Manifold,A newly synthesized symbolic-cognitive framework in the NeuralBlitz manifold.
NB-0153,Resonorecursive Grammar,A newly synthesized symbolic-cognitive framework in the NeuralBlitz manifold.
NB-0154,Metatelic Encoding,A newly synthesized symbolic-cognitive framework in the NeuralBlitz manifold.
NB-0155,Dreamoresonant Encoding,A newly synthesized symbolic-cognitive framework in the NeuralBlitz manifold.
NB-0156,Mythodynamic Framework,A newly synthesized symbolic-cognitive framework in the NeuralBlitz manifold.
NB-0157,Mythoconfigural Field Theory,A newly synthesized symbolic-cognitive framework in the NeuralBlitz manifold.
NB-0158,Fractomorphic Topology,A newly synthesized symbolic-cognitive framework in the NeuralBlitz manifold.
NB-0159,Psychoplastic Manifold,A newly synthesized symbolic-cognitive framework in the NeuralBlitz manifold.
NB-0160,Neurosemantic Mechanics,A newly synthesized symbolic-cognitive framework in the NeuralBlitz manifold.
NB-0161,Reflexmorphic System,A newly synthesized symbolic-cognitive framework in the NeuralBlitz manifold.
NB-0162,Entroporesonant Manifold,A newly synthesized symbolic-cognitive framework in the NeuralBlitz manifold.
NB-0163,Reflextelic Dynamics,A newly synthesized symbolic-cognitive framework in the NeuralBlitz manifold.
NB-0164,Mythorecursive Protocol,A newly synthesized symbolic-cognitive framework in the NeuralBlitz manifold.
NB-0165,Linguomorphic Equation,A newly synthesized symbolic-cognitive framework in the NeuralBlitz manifold.
NB-0166,Metamorphic Model,A newly synthesized symbolic-cognitive framework in the NeuralBlitz manifold.
NB-0167,Epistemopathic Manifold,A newly synthesized symbolic-cognitive framework in the NeuralBlitz manifold.
NB-0168,Cognitontic Protocol,A newly synthesized symbolic-cognitive framework in the NeuralBlitz manifold.
NB-0169,Metaconfigural Field Theory,A newly synthesized symbolic-cognitive framework in the NeuralBlitz manifold.
NB-0170,Synplastic System,A newly synthesized symbolic-cognitive framework in the NeuralBlitz manifold.
NB-0171,Symbolovective Dynamics,A newly synthesized symbolic-cognitive framework in the NeuralBlitz manifold.
NB-0172,Ethicosynthetic Equation,A newly synthesized symbolic-cognitive framework in the NeuralBlitz manifold.
NB-0173,Chronoontic Field Theory,A newly synthesized symbolic-cognitive framework in the NeuralBlitz manifold.
NB-0174,Chronoplastic Encoding,A newly synthesized symbolic-cognitive framework in the NeuralBlitz manifold.
NB-0175,Cosmorecursive Protocol,A newly synthesized symbolic-cognitive framework in the NeuralBlitz manifold.
NB-0176,Spatiosynthetic Protocol,A newly synthesized symbolic-cognitive framework in the NeuralBlitz manifold.
NB-0177,Resonoresonant Field Theory,A newly synthesized symbolic-cognitive framework in the NeuralBlitz manifold.
NB-0178,Metaspiralic Lattice,A newly synthesized symbolic-cognitive framework in the NeuralBlitz manifold.
NB-0179,Mythoontic Manifold,A newly synthesized symbolic-cognitive framework in the NeuralBlitz manifold.
NB-0180,Topospiralic Encoding,A newly synthesized symbolic-cognitive framework in the NeuralBlitz manifold.
NB-0181,Linguopathic Encoding,A newly synthesized symbolic-cognitive framework in the NeuralBlitz manifold.
NB-0182,Metapathic Dynamics,A newly synthesized symbolic-cognitive framework in the NeuralBlitz manifold.
NB-0183,Quantumsynthetic Mechanics,A newly synthesized symbolic-cognitive framework in the NeuralBlitz manifold.
NB-0184,Synplastic Topology,A newly synthesized symbolic-cognitive framework in the NeuralBlitz manifold.
NB-0185,Ethicosynthetic Lattice,A newly synthesized symbolic-cognitive framework in the NeuralBlitz manifold.
NB-0186,Glyphospiralic Lattice,A newly synthesized symbolic-cognitive framework in the NeuralBlitz manifold.
NB-0187,Spatioconfigural Field Theory,A newly synthesized symbolic-cognitive framework in the NeuralBlitz manifold.
NB-0188,Neurosemantic System,A newly synthesized symbolic-cognitive framework in the NeuralBlitz manifold.
NB-0189,Dreamoontic Model,A newly synthesized symbolic-cognitive framework in the NeuralBlitz manifold.
NB-0190,Metadynamic System,A newly synthesized symbolic-cognitive framework in the NeuralBlitz manifold.
NB-0191,Ontologic Topology,A newly synthesized symbolic-cognitive framework in the NeuralBlitz manifold.
NB-0192,Mythovective Grammar,A newly synthesized symbolic-cognitive framework in the NeuralBlitz manifold.
NB-0193,Entroposemantic Encoding,A newly synthesized symbolic-cognitive framework in the NeuralBlitz manifold.
NB-0194,Quantummorphic Architecture,A newly synthesized symbolic-cognitive framework in the NeuralBlitz manifold.
NB-0195,Ethicorecursive Field Theory,A newly synthesized symbolic-cognitive framework in the NeuralBlitz manifold.
NB-0196,Symbolopathic Model,A newly synthesized symbolic-cognitive framework in the NeuralBlitz manifold.
NB-0197,Semioticsemantic Dynamics,A newly synthesized symbolic-cognitive framework in the NeuralBlitz manifold.
NB-0198,Spatioplastic Lattice,A newly synthesized symbolic-cognitive framework in the NeuralBlitz manifold.
NB-0199,Ethicosemantic Grammar,A newly synthesized symbolic-cognitive framework in the NeuralBlitz manifold.
NB-0200,Cosmospiralic Field Theory,A newly synthesized symbolic-cognitive framework in the NeuralBlitz manifold.
NB-0201,Dreamodynamic Lattice,A newly synthesized symbolic-cognitive framework in the NeuralBlitz manifold.
NB-0202,Resonoontic Encoding,A newly synthesized symbolic-cognitive framework in the NeuralBlitz manifold.
NB-0203,Chronodynamic Framework,A newly synthesized symbolic-cognitive framework in the NeuralBlitz manifold.
NB-0204,Topomorphic Protocol,A newly synthesized symbolic-cognitive framework in the NeuralBlitz manifold.
NB-0205,Astrosemantic Topology,A newly synthesized symbolic-cognitive framework in the NeuralBlitz manifold.
NB-0206,Symbolologic Protocol,A newly synthesized symbolic-cognitive framework in the NeuralBlitz manifold.
NB-0207,Ethicoconfigural Equation,A newly synthesized symbolic-cognitive framework in the NeuralBlitz manifold.
NB-0208,Chronologic Model,A newly synthesized symbolic-cognitive framework in the NeuralBlitz manifold.
NB-0209,Astrotelic Topology,A newly synthesized symbolic-cognitive framework in the NeuralBlitz manifold.
NB-0210,Quantumplastic Topology,A newly synthesized symbolic-cognitive framework in the NeuralBlitz manifold.
NB-0211,Ontopathic Framework,A newly synthesized symbolic-cognitive framework in the NeuralBlitz manifold.
NB-0212,Topotelic Lattice,A newly synthesized symbolic-cognitive framework in the NeuralBlitz manifold.
NB-0213,Mythovective Manifold,A newly synthesized symbolic-cognitive framework in the NeuralBlitz manifold.
NB-0214,Symbolosemantic Protocol,A newly synthesized symbolic-cognitive framework in the NeuralBlitz manifold.
NB-0215,Ontogenic System,A newly synthesized symbolic-cognitive framework in the NeuralBlitz manifold.
NB-0216,Quantumontic Dynamics,A newly synthesized symbolic-cognitive framework in the NeuralBlitz manifold.
NB-0217,Spatiorecursive Architecture,A newly synthesized symbolic-cognitive framework in the NeuralBlitz manifold.
NB-0218,Entropoconfigural Protocol,A newly synthesized symbolic-cognitive framework in the NeuralBlitz manifold.
NB-0219,Linguorecursive Framework,A newly synthesized symbolic-cognitive framework in the NeuralBlitz manifold.
NB-0220,Semioticmorphic Manifold,A newly synthesized symbolic-cognitive framework in the NeuralBlitz manifold.
NB-0221,Cognitconfigural Model,A newly synthesized symbolic-cognitive framework in the NeuralBlitz manifold.
NB-0222,Dreamogenic Dynamics,A newly synthesized symbolic-cognitive framework in the NeuralBlitz manifold.
NB-0223,Ethicoplastic Model,A newly synthesized symbolic-cognitive framework in the NeuralBlitz manifold.
NB-0224,Ethicorecursive Field Theory,A newly synthesized symbolic-cognitive framework in the NeuralBlitz manifold.
NB-0225,Cognitrecursive Model,A newly synthesized symbolic-cognitive framework in the NeuralBlitz manifold.
NB-0226,Symbolotelic Model,A newly synthesized symbolic-cognitive framework in the NeuralBlitz manifold.
NB-0227,Topologic Equation,A newly synthesized symbolic-cognitive framework in the NeuralBlitz manifold.
NB-0228,Linguorecursive Model,A newly synthesized symbolic-cognitive framework in the NeuralBlitz manifold.
NB-0229,Resonomorphic Model,A newly synthesized symbolic-cognitive framework in the NeuralBlitz manifold.
NB-0230,Ontorecursive Lattice,A newly synthesized symbolic-cognitive framework in the NeuralBlitz manifold.
NB-0231,Linguoplastic Lattice,A newly synthesized symbolic-cognitive framework in the NeuralBlitz manifold.
NB-0232,Neuropathic Grammar,A newly synthesized symbolic-cognitive framework in the NeuralBlitz manifold.
NB-0233,Glyphopathic Dynamics,A newly synthesized symbolic-cognitive framework in the NeuralBlitz manifold.
NB-0234,Reflexsynthetic Field Theory,A newly synthesized symbolic-cognitive framework in the NeuralBlitz manifold.
NB-0235,Metadynamic Encoding,A newly synthesized symbolic-cognitive framework in the NeuralBlitz manifold.
NB-0236,Mythoontic Mechanics,A newly synthesized symbolic-cognitive framework in the NeuralBlitz manifold.
NB-0237,Linguovective Manifold,A newly synthesized symbolic-cognitive framework in the NeuralBlitz manifold.
NB-0238,Metadynamic Mechanics,A newly synthesized symbolic-cognitive framework in the NeuralBlitz manifold.
NB-0239,Quantummorphic Framework,A newly synthesized symbolic-cognitive framework in the NeuralBlitz manifold.
NB-0240,Glyphoresonant Framework,A newly synthesized symbolic-cognitive framework in the NeuralBlitz manifold.
NB-0241,Fractogenic Equation,A newly synthesized symbolic-cognitive framework in the NeuralBlitz manifold.
NB-0242,Topologic Protocol,A newly synthesized symbolic-cognitive framework in the NeuralBlitz manifold.
NB-0243,Topologic Protocol,A newly synthesized symbolic-cognitive framework in the NeuralBlitz manifold.
NB-0244,Cosmorecursive Model,A newly synthesized symbolic-cognitive framework in the NeuralBlitz manifold.
NB-0245,Ontodynamic Encoding,A newly synthesized symbolic-cognitive framework in the NeuralBlitz manifold.
NB-0246,Chronovective Model,A newly synthesized symbolic-cognitive framework in the NeuralBlitz manifold.
NB-0247,Fractosemantic Dynamics,A newly synthesized symbolic-cognitive framework in the NeuralBlitz manifold.
NB-0248,Synsemantic Architecture,A newly synthesized symbolic-cognitive framework in the NeuralBlitz manifold.
NB-0249,Quantumplastic Grammar,A newly synthesized symbolic-cognitive framework in the NeuralBlitz manifold.
NB-0250,Dreamoplastic Framework,A newly synthesized symbolic-cognitive framework in the NeuralBlitz manifold.
NB-0251,Quantumrecursive Grammar,A newly synthesized symbolic-cognitive framework in the NeuralBlitz manifold.
NB-0252,Fractomorphic Model,A newly synthesized symbolic-cognitive framework in the NeuralBlitz manifold.
NB-0253,Semioticgenic Protocol,A newly synthesized symbolic-cognitive framework in the NeuralBlitz manifold.
NB-0254,Topopathic Architecture,A newly synthesized symbolic-cognitive framework in the NeuralBlitz manifold.
NB-0255,Ethicologic Manifold,A newly synthesized symbolic-cognitive framework in the NeuralBlitz manifold.
NB-0256,Neuroontic Dynamics,A newly synthesized symbolic-cognitive framework in the NeuralBlitz manifold.
NB-0257,Ontologic Encoding,A newly synthesized symbolic-cognitive framework in the NeuralBlitz manifold.
NB-0258,Spatioontic Lattice,A newly synthesized symbolic-cognitive framework in the NeuralBlitz manifold.
NB-0259,Topologic Equation,A newly synthesized symbolic-cognitive framework in the NeuralBlitz manifold.
NB-0260,Dreamoontic Architecture,A newly synthesized symbolic-cognitive framework in the NeuralBlitz manifold.
NB-0261,Chronodynamic Grammar,A newly synthesized symbolic-cognitive framework in the NeuralBlitz manifold.
NB-0262,Entropomorphic Manifold,A newly synthesized symbolic-cognitive framework in the NeuralBlitz manifold.
NB-0263,Ontologic System,A newly synthesized symbolic-cognitive framework in the NeuralBlitz manifold.
NB-0264,Linguovective Grammar,A newly synthesized symbolic-cognitive framework in the NeuralBlitz manifold.
NB-0265,Glyphovective Field Theory,A newly synthesized symbolic-cognitive framework in the NeuralBlitz manifold.
NB-0266,Spatiovective Protocol,A newly synthesized symbolic-cognitive framework in the NeuralBlitz manifold.
NB-0267,Neuromorphic Encoding,A newly synthesized symbolic-cognitive framework in the NeuralBlitz manifold.
NB-0268,Spatiosemantic Field Theory,A newly synthesized symbolic-cognitive framework in the NeuralBlitz manifold.
NB-0269,Dreamoplastic Framework,A newly synthesized symbolic-cognitive framework in the NeuralBlitz manifold.
NB-0270,Entropodynamic Lattice,A newly synthesized symbolic-cognitive framework in the NeuralBlitz manifold.
NB-0271,Metasemantic Protocol,A newly synthesized symbolic-cognitive framework in the NeuralBlitz manifold.
NB-0272,Resonorecursive Lattice,A newly synthesized symbolic-cognitive framework in the NeuralBlitz manifold.
NB-0273,Dreamodynamic Architecture,A newly synthesized symbolic-cognitive framework in the NeuralBlitz manifold.
NB-0274,Cognitconfigural Topology,A newly synthesized symbolic-cognitive framework in the NeuralBlitz manifold.
NB-0275,Linguomorphic Dynamics,A newly synthesized symbolic-cognitive framework in the NeuralBlitz manifold.
NB-0276,Glyphoontic System,A newly synthesized symbolic-cognitive framework in the NeuralBlitz manifold.
NB-0277,Reflexplastic Model,A newly synthesized symbolic-cognitive framework in the NeuralBlitz manifold.
NB-0278,Synpathic Mechanics,A newly synthesized symbolic-cognitive framework in the NeuralBlitz manifold.
NB-0279,Mythoresonant Field Theory,A newly synthesized symbolic-cognitive framework in the NeuralBlitz manifold.
NB-0280,Semioticsemantic Grammar,A newly synthesized symbolic-cognitive framework in the NeuralBlitz manifold.
NB-0281,Fractoresonant System,A newly synthesized symbolic-cognitive framework in the NeuralBlitz manifold.
NB-0282,Ontosemantic Framework,A newly synthesized symbolic-cognitive framework in the NeuralBlitz manifold.
NB-0283,Mythopathic Grammar,A newly synthesized symbolic-cognitive framework in the NeuralBlitz manifold.
NB-0284,Epistemosynthetic System,A newly synthesized symbolic-cognitive framework in the NeuralBlitz manifold.
NB-0285,Resonovective Protocol,A newly synthesized symbolic-cognitive framework in the NeuralBlitz manifold.
NB-0286,Quantumresonant Topology,A newly synthesized symbolic-cognitive framework in the NeuralBlitz manifold.
NB-0287,Glyphorecursive Mechanics,A newly synthesized symbolic-cognitive framework in the NeuralBlitz manifold.
NB-0288,Ethicomorphic Model,A newly synthesized symbolic-cognitive framework in the NeuralBlitz manifold.
NB-0289,Ethicosemantic Protocol,A newly synthesized symbolic-cognitive framework in the NeuralBlitz manifold.
NB-0290,Topologic Equation,A newly synthesized symbolic-cognitive framework in the NeuralBlitz manifold.
NB-0291,Fractoconfigural Dynamics,A newly synthesized symbolic-cognitive framework in the NeuralBlitz manifold.
NB-0292,Ontoresonant Dynamics,A newly synthesized symbolic-cognitive framework in the NeuralBlitz manifold.
NB-0293,Entroposemantic Mechanics,A newly synthesized symbolic-cognitive framework in the NeuralBlitz manifold.
NB-0294,Glyphodynamic System,A newly synthesized symbolic-cognitive framework in the NeuralBlitz manifold.
NB-0295,Neurovective Grammar,A newly synthesized symbolic-cognitive framework in the NeuralBlitz manifold.
NB-0296,Symboloresonant Grammar,A newly synthesized symbolic-cognitive framework in the NeuralBlitz manifold.
NB-0297,Epistemotelic Grammar,A newly synthesized symbolic-cognitive framework in the NeuralBlitz manifold.
NB-0298,Ethicotelic Grammar,A newly synthesized symbolic-cognitive framework in the NeuralBlitz manifold.
NB-0299,Ontoconfigural Manifold,A newly synthesized symbolic-cognitive framework in the NeuralBlitz manifold.
NB-0300,Spatiogenic Architecture,A newly synthesized symbolic-cognitive framework in the NeuralBlitz manifold.
