ID,Category,Concept Name,Description
1,Emergent Complexity,Emergent Complexity Concept #1: Bioprobabilistic equation,A novel approach in emergent complexity that explores the behavior of temporal loops using a multi-agent paradigm.
2,Artificial Intelligence,Artificial Intelligence Concept #2: Transresonant model,A novel approach in artificial intelligence that explores the behavior of adaptive thresholds using a symbolic paradigm.
3,Emergent Complexity,Emergent Complexity Concept #3: Biopredictive model,A novel approach in emergent complexity that explores the behavior of quantum signatures using a interactive paradigm.
4,Neurotechnology,Neurotechnology Concept #4: Transmodulated interface,A novel approach in neurotechnology that explores the behavior of entangled states using a chaotic paradigm.
5,Theoretical Physics,Theoretical Physics Concept #5: Neurooscillatory substrate,A novel approach in theoretical physics that explores the behavior of dynamic fields using a symbolic paradigm.
6,Quantum Computing,Quantum Computing Concept #6: Metarecursive theory,A novel approach in quantum computing that explores the behavior of recursive systems using a interactive paradigm.
7,Symbolic Logic,Symbolic Logic Concept #7: Hyperprobabilistic protocol,A novel approach in symbolic logic that explores the behavior of temporal loops using a deterministic paradigm.
8,Theoretical Physics,Theoretical Physics Concept #8: Biosynthetic protocol,A novel approach in theoretical physics that explores the behavior of dynamic fields using a self-reflective paradigm.
9,Astrophysics,Astrophysics Concept #9: Autoprobabilistic framework,A novel approach in astrophysics that explores the behavior of entangled states using a chaotic paradigm.
10,Astrophysics,Astrophysics Concept #10: Nanoadaptive engine,A novel approach in astrophysics that explores the behavior of temporal loops using a multi-agent paradigm.
11,Information Theory,Information Theory Concept #11: Biosynthetic framework,A novel approach in information theory that explores the behavior of recursive systems using a self-reflective paradigm.
12,Symbolic Logic,Symbolic Logic Concept #12: Quantumresonant engine,A novel approach in symbolic logic that explores the behavior of neural substrates using a stochastic paradigm.
13,Cognitive Science,Cognitive Science Concept #13: Autorecursive manifold,A novel approach in cognitive science that explores the behavior of adaptive thresholds using a self-evolving paradigm.
14,Symbolic Logic,Symbolic Logic Concept #14: Causaloscillatory equation,A novel approach in symbolic logic that explores the behavior of temporal loops using a self-evolving paradigm.
15,Bioengineering,Bioengineering Concept #15: Syntheticadaptive manifold,A novel approach in bioengineering that explores the behavior of quantum signatures using a topological paradigm.
16,Astrophysics,Astrophysics Concept #16: Autoresonant substrate,A novel approach in astrophysics that explores the behavior of quantum signatures using a symbolic paradigm.
17,Symbolic Logic,Symbolic Logic Concept #17: Syntheticoscillatory model,A novel approach in symbolic logic that explores the behavior of symbolic attractors using a self-reflective paradigm.
18,Bioengineering,Bioengineering Concept #18: Syntheticpredictive equation,A novel approach in bioengineering that explores the behavior of dynamic fields using a deterministic paradigm.
19,Synthetic Biology,Synthetic Biology Concept #19: Neuroprobabilistic interface,A novel approach in synthetic biology that explores the behavior of entangled states using a symbolic paradigm.
20,Environmental Systems,Environmental Systems Concept #20: Causalpredictive engine,A novel approach in environmental systems that explores the behavior of symbolic attractors using a self-evolving paradigm.
21,Ethics in Technology,Ethics in Technology Concept #21: Causalentangled engine,A novel approach in ethics in technology that explores the behavior of cognitive resonances using a self-evolving paradigm.
22,Synthetic Biology,Synthetic Biology Concept #22: Metacoherent model,A novel approach in synthetic biology that explores the behavior of synthetic dimensions using a stochastic paradigm.
23,Computational Linguistics,Computational Linguistics Concept #23: Quantumresonant substrate,A novel approach in computational linguistics that explores the behavior of synthetic dimensions using a self-reflective paradigm.
24,Quantum Computing,Quantum Computing Concept #24: Neuropredictive engine,A novel approach in quantum computing that explores the behavior of neural substrates using a chaotic paradigm.
25,Symbolic Logic,Symbolic Logic Concept #25: Syntheticprobabilistic framework,A novel approach in symbolic logic that explores the behavior of entangled states using a symbolic paradigm.
26,Emergent Complexity,Emergent Complexity Concept #26: Syntheticresonant system,A novel approach in emergent complexity that explores the behavior of symbolic attractors using a chaotic paradigm.
27,Mathematics,Mathematics Concept #27: Biosynthetic engine,A novel approach in mathematics that explores the behavior of quantum signatures using a stochastic paradigm.
28,Artificial Intelligence,Artificial Intelligence Concept #28: Transpredictive model,A novel approach in artificial intelligence that explores the behavior of cognitive resonances using a interactive paradigm.
29,Synthetic Biology,Synthetic Biology Concept #29: Hyperoscillatory theory,A novel approach in synthetic biology that explores the behavior of adaptive thresholds using a interactive paradigm.
30,Mathematics,Mathematics Concept #30: Metacoherent system,A novel approach in mathematics that explores the behavior of recursive systems using a self-evolving paradigm.
31,Bioengineering,Bioengineering Concept #31: Causalentangled equation,A novel approach in bioengineering that explores the behavior of temporal loops using a symbolic paradigm.
32,Cognitive Science,Cognitive Science Concept #32: Transpredictive theory,A novel approach in cognitive science that explores the behavior of neural substrates using a stochastic paradigm.
33,Bioengineering,Bioengineering Concept #33: Causalrecursive substrate,A novel approach in bioengineering that explores the behavior of adaptive thresholds using a chaotic paradigm.
34,Information Theory,Information Theory Concept #34: Nanooscillatory framework,A novel approach in information theory that explores the behavior of quantum signatures using a symbolic paradigm.
35,Ethics in Technology,Ethics in Technology Concept #35: Neuroprobabilistic engine,A novel approach in ethics in technology that explores the behavior of synthetic dimensions using a chaotic paradigm.
36,Systems Theory,Systems Theory Concept #36: Quantumcoherent protocol,A novel approach in systems theory that explores the behavior of adaptive thresholds using a topological paradigm.
37,Artificial Intelligence,Artificial Intelligence Concept #37: Autoresonant manifold,A novel approach in artificial intelligence that explores the behavior of recursive systems using a interactive paradigm.
38,Cosmic Ecology,Cosmic Ecology Concept #38: Syntheticprobabilistic system,A novel approach in cosmic ecology that explores the behavior of symbolic attractors using a symbolic paradigm.
39,Symbolic Logic,Symbolic Logic Concept #39: Autopredictive equation,A novel approach in symbolic logic that explores the behavior of adaptive thresholds using a stochastic paradigm.
40,Symbolic Logic,Symbolic Logic Concept #40: Syntheticmodulated system,A novel approach in symbolic logic that explores the behavior of cognitive resonances using a self-evolving paradigm.
41,Temporal Mechanics,Temporal Mechanics Concept #41: Syntheticadaptive interface,A novel approach in temporal mechanics that explores the behavior of cognitive resonances using a topological paradigm.
42,Synthetic Biology,Synthetic Biology Concept #42: Hypersynthetic framework,A novel approach in synthetic biology that explores the behavior of adaptive thresholds using a symbolic paradigm.
43,Cosmic Ecology,Cosmic Ecology Concept #43: Autoentangled engine,A novel approach in cosmic ecology that explores the behavior of temporal loops using a interactive paradigm.
44,Environmental Systems,Environmental Systems Concept #44: Bioprobabilistic framework,A novel approach in environmental systems that explores the behavior of adaptive thresholds using a modular paradigm.
45,Quantum Computing,Quantum Computing Concept #45: Causalpredictive equation,A novel approach in quantum computing that explores the behavior of cognitive resonances using a topological paradigm.
46,Ethics in Technology,Ethics in Technology Concept #46: Neuroprobabilistic model,A novel approach in ethics in technology that explores the behavior of cognitive resonances using a modular paradigm.
47,Synthetic Biology,Synthetic Biology Concept #47: Syntheticentangled protocol,A novel approach in synthetic biology that explores the behavior of cognitive resonances using a topological paradigm.
48,Mathematics,Mathematics Concept #48: Autoentangled framework,A novel approach in mathematics that explores the behavior of cognitive resonances using a chaotic paradigm.
49,Synthetic Biology,Synthetic Biology Concept #49: Syntheticresonant engine,A novel approach in synthetic biology that explores the behavior of dynamic fields using a deterministic paradigm.
50,Environmental Systems,Environmental Systems Concept #50: Causalresonant model,A novel approach in environmental systems that explores the behavior of cognitive resonances using a multi-agent paradigm.
51,Mathematics,Mathematics Concept #51: Causalmodulated model,A novel approach in mathematics that explores the behavior of neural substrates using a stochastic paradigm.
52,Information Theory,Information Theory Concept #52: Causaloscillatory protocol,A novel approach in information theory that explores the behavior of dynamic fields using a interactive paradigm.
53,Mathematics,Mathematics Concept #53: Metaentangled theory,A novel approach in mathematics that explores the behavior of recursive systems using a chaotic paradigm.
54,Cognitive Science,Cognitive Science Concept #54: Quantumoscillatory system,A novel approach in cognitive science that explores the behavior of entangled states using a interactive paradigm.
55,Neurotechnology,Neurotechnology Concept #55: Hyperrecursive system,A novel approach in neurotechnology that explores the behavior of recursive systems using a self-reflective paradigm.
56,Computational Linguistics,Computational Linguistics Concept #56: Quantumentangled framework,A novel approach in computational linguistics that explores the behavior of dynamic fields using a deterministic paradigm.
57,Synthetic Biology,Synthetic Biology Concept #57: Metaadaptive substrate,A novel approach in synthetic biology that explores the behavior of temporal loops using a self-evolving paradigm.
58,Information Theory,Information Theory Concept #58: Neuropredictive framework,A novel approach in information theory that explores the behavior of symbolic attractors using a symbolic paradigm.
59,Philosophy of Mind,Philosophy of Mind Concept #59: Neurocoherent theory,A novel approach in philosophy of mind that explores the behavior of entangled states using a self-reflective paradigm.
60,Mathematics,Mathematics Concept #60: Transresonant interface,A novel approach in mathematics that explores the behavior of synthetic dimensions using a chaotic paradigm.
61,Environmental Systems,Environmental Systems Concept #61: Autorecursive system,A novel approach in environmental systems that explores the behavior of recursive systems using a self-evolving paradigm.
62,Artificial Intelligence,Artificial Intelligence Concept #62: Metaprobabilistic model,A novel approach in artificial intelligence that explores the behavior of quantum signatures using a topological paradigm.
63,Temporal Mechanics,Temporal Mechanics Concept #63: Syntheticadaptive theory,A novel approach in temporal mechanics that explores the behavior of entangled states using a interactive paradigm.
64,Synthetic Biology,Synthetic Biology Concept #64: Nanocoherent model,A novel approach in synthetic biology that explores the behavior of quantum signatures using a deterministic paradigm.
65,Emergent Complexity,Emergent Complexity Concept #65: Biorecursive framework,A novel approach in emergent complexity that explores the behavior of entangled states using a symbolic paradigm.
66,Cosmic Ecology,Cosmic Ecology Concept #66: Metaoscillatory framework,A novel approach in cosmic ecology that explores the behavior of synthetic dimensions using a topological paradigm.
67,Information Theory,Information Theory Concept #67: Nanopredictive manifold,A novel approach in information theory that explores the behavior of neural substrates using a deterministic paradigm.
68,Information Theory,Information Theory Concept #68: Neuropredictive framework,A novel approach in information theory that explores the behavior of neural substrates using a modular paradigm.
69,Environmental Systems,Environmental Systems Concept #69: Syntheticrecursive substrate,A novel approach in environmental systems that explores the behavior of dynamic fields using a interactive paradigm.
70,Ethics in Technology,Ethics in Technology Concept #70: Nanorecursive substrate,A novel approach in ethics in technology that explores the behavior of entangled states using a self-evolving paradigm.
71,Synthetic Biology,Synthetic Biology Concept #71: Biooscillatory manifold,A novel approach in synthetic biology that explores the behavior of quantum signatures using a deterministic paradigm.
72,Materials Science,Materials Science Concept #72: Syntheticpredictive protocol,A novel approach in materials science that explores the behavior of adaptive thresholds using a topological paradigm.
73,Synthetic Biology,Synthetic Biology Concept #73: Metapredictive equation,A novel approach in synthetic biology that explores the behavior of adaptive thresholds using a deterministic paradigm.
74,Philosophy of Mind,Philosophy of Mind Concept #74: Autooscillatory model,A novel approach in philosophy of mind that explores the behavior of recursive systems using a deterministic paradigm.
75,Quantum Computing,Quantum Computing Concept #75: Hyperrecursive system,A novel approach in quantum computing that explores the behavior of synthetic dimensions using a stochastic paradigm.
76,Ethics in Technology,Ethics in Technology Concept #76: Hyperresonant protocol,A novel approach in ethics in technology that explores the behavior of dynamic fields using a chaotic paradigm.
77,Systems Theory,Systems Theory Concept #77: Hyperrecursive model,A novel approach in systems theory that explores the behavior of dynamic fields using a modular paradigm.
78,Cosmic Ecology,Cosmic Ecology Concept #78: Biocoherent interface,A novel approach in cosmic ecology that explores the behavior of adaptive thresholds using a modular paradigm.
79,Information Theory,Information Theory Concept #79: Nanomodulated protocol,A novel approach in information theory that explores the behavior of entangled states using a multi-agent paradigm.
80,Cognitive Science,Cognitive Science Concept #80: Bioadaptive framework,A novel approach in cognitive science that explores the behavior of synthetic dimensions using a topological paradigm.
81,Systems Theory,Systems Theory Concept #81: Syntheticoscillatory system,A novel approach in systems theory that explores the behavior of cognitive resonances using a self-reflective paradigm.
82,Environmental Systems,Environmental Systems Concept #82: Transadaptive system,A novel approach in environmental systems that explores the behavior of entangled states using a interactive paradigm.
83,Environmental Systems,Environmental Systems Concept #83: Nanocoherent framework,A novel approach in environmental systems that explores the behavior of cognitive resonances using a modular paradigm.
84,Environmental Systems,Environmental Systems Concept #84: Causalresonant system,A novel approach in environmental systems that explores the behavior of temporal loops using a topological paradigm.
85,Bioengineering,Bioengineering Concept #85: Autocoherent manifold,A novel approach in bioengineering that explores the behavior of synthetic dimensions using a deterministic paradigm.
86,Philosophy of Mind,Philosophy of Mind Concept #86: Nanorecursive system,A novel approach in philosophy of mind that explores the behavior of temporal loops using a multi-agent paradigm.
87,Computational Linguistics,Computational Linguistics Concept #87: Nanooscillatory substrate,A novel approach in computational linguistics that explores the behavior of quantum signatures using a chaotic paradigm.
88,Theoretical Physics,Theoretical Physics Concept #88: Nanorecursive model,A novel approach in theoretical physics that explores the behavior of entangled states using a self-reflective paradigm.
89,Artificial Intelligence,Artificial Intelligence Concept #89: Nanoprobabilistic manifold,A novel approach in artificial intelligence that explores the behavior of temporal loops using a interactive paradigm.
90,Mathematics,Mathematics Concept #90: Biocoherent substrate,A novel approach in mathematics that explores the behavior of temporal loops using a multi-agent paradigm.
91,Artificial Intelligence,Artificial Intelligence Concept #91: Syntheticpredictive substrate,A novel approach in artificial intelligence that explores the behavior of neural substrates using a chaotic paradigm.
92,Astrophysics,Astrophysics Concept #92: Metaprobabilistic engine,A novel approach in astrophysics that explores the behavior of recursive systems using a modular paradigm.
93,Artificial Intelligence,Artificial Intelligence Concept #93: Quantumentangled framework,A novel approach in artificial intelligence that explores the behavior of synthetic dimensions using a interactive paradigm.
94,Information Theory,Information Theory Concept #94: Metacoherent interface,A novel approach in information theory that explores the behavior of entangled states using a self-reflective paradigm.
95,Astrophysics,Astrophysics Concept #95: Nanocoherent system,A novel approach in astrophysics that explores the behavior of quantum signatures using a topological paradigm.
96,Neurotechnology,Neurotechnology Concept #96: Nanorecursive framework,A novel approach in neurotechnology that explores the behavior of synthetic dimensions using a stochastic paradigm.
97,Cognitive Science,Cognitive Science Concept #97: Biomodulated substrate,A novel approach in cognitive science that explores the behavior of symbolic attractors using a symbolic paradigm.
98,Systems Theory,Systems Theory Concept #98: Quantummodulated engine,A novel approach in systems theory that explores the behavior of quantum signatures using a stochastic paradigm.
99,Information Theory,Information Theory Concept #99: Hyperpredictive protocol,A novel approach in information theory that explores the behavior of synthetic dimensions using a modular paradigm.
100,Environmental Systems,Environmental Systems Concept #100: Transprobabilistic interface,A novel approach in environmental systems that explores the behavior of synthetic dimensions using a stochastic paradigm.
101,Information Theory,Information Theory Concept #101: Transmodulated system,A novel approach in information theory that explores the behavior of entangled states using a stochastic paradigm.
102,Temporal Mechanics,Temporal Mechanics Concept #102: Hypermodulated manifold,A novel approach in temporal mechanics that explores the behavior of temporal loops using a symbolic paradigm.
103,Materials Science,Materials Science Concept #103: Autosynthetic theory,A novel approach in materials science that explores the behavior of symbolic attractors using a self-evolving paradigm.
104,Artificial Intelligence,Artificial Intelligence Concept #104: Automodulated system,A novel approach in artificial intelligence that explores the behavior of entangled states using a stochastic paradigm.
105,Computational Linguistics,Computational Linguistics Concept #105: Nanoresonant interface,A novel approach in computational linguistics that explores the behavior of adaptive thresholds using a modular paradigm.
106,Environmental Systems,Environmental Systems Concept #106: Transresonant substrate,A novel approach in environmental systems that explores the behavior of entangled states using a chaotic paradigm.
107,Neurotechnology,Neurotechnology Concept #107: Causalprobabilistic substrate,A novel approach in neurotechnology that explores the behavior of dynamic fields using a multi-agent paradigm.
108,Symbolic Logic,Symbolic Logic Concept #108: Nanoentangled substrate,A novel approach in symbolic logic that explores the behavior of symbolic attractors using a deterministic paradigm.
109,Cognitive Science,Cognitive Science Concept #109: Syntheticsynthetic substrate,A novel approach in cognitive science that explores the behavior of adaptive thresholds using a stochastic paradigm.
110,Environmental Systems,Environmental Systems Concept #110: Syntheticadaptive engine,A novel approach in environmental systems that explores the behavior of neural substrates using a self-evolving paradigm.
111,Synthetic Biology,Synthetic Biology Concept #111: Hyperpredictive substrate,A novel approach in synthetic biology that explores the behavior of entangled states using a stochastic paradigm.
112,Information Theory,Information Theory Concept #112: Neurosynthetic protocol,A novel approach in information theory that explores the behavior of entangled states using a symbolic paradigm.
113,Mathematics,Mathematics Concept #113: Nanoadaptive interface,A novel approach in mathematics that explores the behavior of neural substrates using a self-reflective paradigm.
114,Information Theory,Information Theory Concept #114: Hyperprobabilistic substrate,A novel approach in information theory that explores the behavior of adaptive thresholds using a modular paradigm.
115,Cognitive Science,Cognitive Science Concept #115: Syntheticcoherent framework,A novel approach in cognitive science that explores the behavior of cognitive resonances using a self-evolving paradigm.
116,Bioengineering,Bioengineering Concept #116: Autoprobabilistic model,A novel approach in bioengineering that explores the behavior of quantum signatures using a self-reflective paradigm.
117,Ethics in Technology,Ethics in Technology Concept #117: Quantumentangled substrate,A novel approach in ethics in technology that explores the behavior of neural substrates using a chaotic paradigm.
118,Cognitive Science,Cognitive Science Concept #118: Quantumentangled engine,A novel approach in cognitive science that explores the behavior of neural substrates using a symbolic paradigm.
119,Information Theory,Information Theory Concept #119: Neurooscillatory manifold,A novel approach in information theory that explores the behavior of cognitive resonances using a stochastic paradigm.
120,Synthetic Biology,Synthetic Biology Concept #120: Syntheticmodulated substrate,A novel approach in synthetic biology that explores the behavior of cognitive resonances using a modular paradigm.
121,Mathematics,Mathematics Concept #121: Syntheticmodulated model,A novel approach in mathematics that explores the behavior of quantum signatures using a self-reflective paradigm.
122,Information Theory,Information Theory Concept #122: Hyperoscillatory model,A novel approach in information theory that explores the behavior of temporal loops using a self-reflective paradigm.
123,Cognitive Science,Cognitive Science Concept #123: Quantumprobabilistic protocol,A novel approach in cognitive science that explores the behavior of adaptive thresholds using a interactive paradigm.
124,Symbolic Logic,Symbolic Logic Concept #124: Quantumoscillatory system,A novel approach in symbolic logic that explores the behavior of entangled states using a deterministic paradigm.
125,Emergent Complexity,Emergent Complexity Concept #125: Hyperoscillatory manifold,A novel approach in emergent complexity that explores the behavior of temporal loops using a interactive paradigm.
126,Mathematics,Mathematics Concept #126: Autoadaptive engine,A novel approach in mathematics that explores the behavior of temporal loops using a deterministic paradigm.
127,Environmental Systems,Environmental Systems Concept #127: Causalresonant protocol,A novel approach in environmental systems that explores the behavior of quantum signatures using a multi-agent paradigm.
128,Astrophysics,Astrophysics Concept #128: Syntheticoscillatory framework,A novel approach in astrophysics that explores the behavior of temporal loops using a deterministic paradigm.
129,Ethics in Technology,Ethics in Technology Concept #129: Transprobabilistic theory,A novel approach in ethics in technology that explores the behavior of entangled states using a self-evolving paradigm.
130,Temporal Mechanics,Temporal Mechanics Concept #130: Metaadaptive system,A novel approach in temporal mechanics that explores the behavior of recursive systems using a self-evolving paradigm.
131,Information Theory,Information Theory Concept #131: Transsynthetic protocol,A novel approach in information theory that explores the behavior of recursive systems using a modular paradigm.
132,Philosophy of Mind,Philosophy of Mind Concept #132: Transpredictive theory,A novel approach in philosophy of mind that explores the behavior of temporal loops using a interactive paradigm.
133,Temporal Mechanics,Temporal Mechanics Concept #133: Quantumcoherent framework,A novel approach in temporal mechanics that explores the behavior of entangled states using a chaotic paradigm.
134,Environmental Systems,Environmental Systems Concept #134: Syntheticcoherent equation,A novel approach in environmental systems that explores the behavior of synthetic dimensions using a interactive paradigm.
135,Ethics in Technology,Ethics in Technology Concept #135: Syntheticprobabilistic interface,A novel approach in ethics in technology that explores the behavior of dynamic fields using a chaotic paradigm.
136,Theoretical Physics,Theoretical Physics Concept #136: Nanomodulated protocol,A novel approach in theoretical physics that explores the behavior of neural substrates using a chaotic paradigm.
137,Cognitive Science,Cognitive Science Concept #137: Nanoadaptive system,A novel approach in cognitive science that explores the behavior of synthetic dimensions using a modular paradigm.
138,Systems Theory,Systems Theory Concept #138: Nanosynthetic manifold,A novel approach in systems theory that explores the behavior of symbolic attractors using a interactive paradigm.
139,Temporal Mechanics,Temporal Mechanics Concept #139: Autocoherent protocol,A novel approach in temporal mechanics that explores the behavior of symbolic attractors using a interactive paradigm.
140,Quantum Computing,Quantum Computing Concept #140: Neuropredictive substrate,A novel approach in quantum computing that explores the behavior of recursive systems using a self-evolving paradigm.
141,Astrophysics,Astrophysics Concept #141: Syntheticcoherent equation,A novel approach in astrophysics that explores the behavior of dynamic fields using a stochastic paradigm.
142,Quantum Computing,Quantum Computing Concept #142: Causalmodulated system,A novel approach in quantum computing that explores the behavior of quantum signatures using a stochastic paradigm.
143,Theoretical Physics,Theoretical Physics Concept #143: Transrecursive model,A novel approach in theoretical physics that explores the behavior of symbolic attractors using a self-reflective paradigm.
144,Quantum Computing,Quantum Computing Concept #144: Neuroadaptive interface,A novel approach in quantum computing that explores the behavior of synthetic dimensions using a self-evolving paradigm.
145,Neurotechnology,Neurotechnology Concept #145: Hypercoherent protocol,A novel approach in neurotechnology that explores the behavior of synthetic dimensions using a modular paradigm.
146,Cognitive Science,Cognitive Science Concept #146: Quantumpredictive system,A novel approach in cognitive science that explores the behavior of dynamic fields using a symbolic paradigm.
147,Synthetic Biology,Synthetic Biology Concept #147: Neuromodulated substrate,A novel approach in synthetic biology that explores the behavior of recursive systems using a stochastic paradigm.
148,Astrophysics,Astrophysics Concept #148: Metacoherent protocol,A novel approach in astrophysics that explores the behavior of neural substrates using a deterministic paradigm.
149,Quantum Computing,Quantum Computing Concept #149: Bioentangled model,A novel approach in quantum computing that explores the behavior of entangled states using a deterministic paradigm.
150,Neurotechnology,Neurotechnology Concept #150: Syntheticcoherent engine,A novel approach in neurotechnology that explores the behavior of adaptive thresholds using a symbolic paradigm.
151,Computational Linguistics,Computational Linguistics Concept #151: Hyperadaptive framework,A novel approach in computational linguistics that explores the behavior of recursive systems using a interactive paradigm.
152,Environmental Systems,Environmental Systems Concept #152: Bioadaptive theory,A novel approach in environmental systems that explores the behavior of cognitive resonances using a self-evolving paradigm.
153,Mathematics,Mathematics Concept #153: Syntheticadaptive substrate,A novel approach in mathematics that explores the behavior of recursive systems using a multi-agent paradigm.
154,Environmental Systems,Environmental Systems Concept #154: Quantumentangled system,A novel approach in environmental systems that explores the behavior of cognitive resonances using a interactive paradigm.
155,Bioengineering,Bioengineering Concept #155: Syntheticcoherent substrate,A novel approach in bioengineering that explores the behavior of quantum signatures using a self-reflective paradigm.
156,Cosmic Ecology,Cosmic Ecology Concept #156: Causaladaptive model,A novel approach in cosmic ecology that explores the behavior of entangled states using a multi-agent paradigm.
157,Astrophysics,Astrophysics Concept #157: Metaadaptive protocol,A novel approach in astrophysics that explores the behavior of quantum signatures using a symbolic paradigm.
158,Computational Linguistics,Computational Linguistics Concept #158: Quantumoscillatory substrate,A novel approach in computational linguistics that explores the behavior of temporal loops using a stochastic paradigm.
159,Quantum Computing,Quantum Computing Concept #159: Syntheticcoherent manifold,A novel approach in quantum computing that explores the behavior of recursive systems using a multi-agent paradigm.
160,Emergent Complexity,Emergent Complexity Concept #160: Quantumpredictive model,A novel approach in emergent complexity that explores the behavior of temporal loops using a stochastic paradigm.
161,Cognitive Science,Cognitive Science Concept #161: Quantummodulated manifold,A novel approach in cognitive science that explores the behavior of neural substrates using a deterministic paradigm.
162,Systems Theory,Systems Theory Concept #162: Bioprobabilistic protocol,A novel approach in systems theory that explores the behavior of entangled states using a interactive paradigm.
163,Philosophy of Mind,Philosophy of Mind Concept #163: Autoadaptive engine,A novel approach in philosophy of mind that explores the behavior of neural substrates using a deterministic paradigm.
164,Quantum Computing,Quantum Computing Concept #164: Nanomodulated interface,A novel approach in quantum computing that explores the behavior of dynamic fields using a stochastic paradigm.
165,Materials Science,Materials Science Concept #165: Bioadaptive framework,A novel approach in materials science that explores the behavior of dynamic fields using a multi-agent paradigm.
166,Symbolic Logic,Symbolic Logic Concept #166: Biorecursive framework,A novel approach in symbolic logic that explores the behavior of recursive systems using a stochastic paradigm.
167,Information Theory,Information Theory Concept #167: Hyperrecursive manifold,A novel approach in information theory that explores the behavior of synthetic dimensions using a self-reflective paradigm.
168,Symbolic Logic,Symbolic Logic Concept #168: Causalsynthetic protocol,A novel approach in symbolic logic that explores the behavior of symbolic attractors using a deterministic paradigm.
169,Information Theory,Information Theory Concept #169: Transentangled protocol,A novel approach in information theory that explores the behavior of recursive systems using a chaotic paradigm.
170,Astrophysics,Astrophysics Concept #170: Biocoherent engine,A novel approach in astrophysics that explores the behavior of symbolic attractors using a topological paradigm.
171,Neurotechnology,Neurotechnology Concept #171: Transentangled substrate,A novel approach in neurotechnology that explores the behavior of symbolic attractors using a self-evolving paradigm.
172,Environmental Systems,Environmental Systems Concept #172: Neurooscillatory system,A novel approach in environmental systems that explores the behavior of temporal loops using a self-reflective paradigm.
173,Quantum Computing,Quantum Computing Concept #173: Hypermodulated theory,A novel approach in quantum computing that explores the behavior of quantum signatures using a deterministic paradigm.
174,Information Theory,Information Theory Concept #174: Transsynthetic engine,A novel approach in information theory that explores the behavior of dynamic fields using a symbolic paradigm.
175,Materials Science,Materials Science Concept #175: Hyperentangled manifold,A novel approach in materials science that explores the behavior of entangled states using a multi-agent paradigm.
176,Symbolic Logic,Symbolic Logic Concept #176: Transoscillatory substrate,A novel approach in symbolic logic that explores the behavior of symbolic attractors using a topological paradigm.
177,Bioengineering,Bioengineering Concept #177: Bioentangled framework,A novel approach in bioengineering that explores the behavior of neural substrates using a interactive paradigm.
178,Computational Linguistics,Computational Linguistics Concept #178: Transrecursive equation,A novel approach in computational linguistics that explores the behavior of cognitive resonances using a self-reflective paradigm.
179,Cognitive Science,Cognitive Science Concept #179: Nanoadaptive engine,A novel approach in cognitive science that explores the behavior of recursive systems using a modular paradigm.
180,Neurotechnology,Neurotechnology Concept #180: Syntheticresonant protocol,A novel approach in neurotechnology that explores the behavior of synthetic dimensions using a stochastic paradigm.
181,Theoretical Physics,Theoretical Physics Concept #181: Hypercoherent manifold,A novel approach in theoretical physics that explores the behavior of dynamic fields using a symbolic paradigm.
182,Cosmic Ecology,Cosmic Ecology Concept #182: Automodulated protocol,A novel approach in cosmic ecology that explores the behavior of neural substrates using a multi-agent paradigm.
183,Astrophysics,Astrophysics Concept #183: Nanoadaptive interface,A novel approach in astrophysics that explores the behavior of quantum signatures using a interactive paradigm.
184,Environmental Systems,Environmental Systems Concept #184: Quantumentangled framework,A novel approach in environmental systems that explores the behavior of neural substrates using a self-evolving paradigm.
185,Cognitive Science,Cognitive Science Concept #185: Autooscillatory substrate,A novel approach in cognitive science that explores the behavior of quantum signatures using a interactive paradigm.
186,Mathematics,Mathematics Concept #186: Nanoentangled framework,A novel approach in mathematics that explores the behavior of synthetic dimensions using a self-reflective paradigm.
187,Temporal Mechanics,Temporal Mechanics Concept #187: Biomodulated equation,A novel approach in temporal mechanics that explores the behavior of cognitive resonances using a self-reflective paradigm.
188,Neurotechnology,Neurotechnology Concept #188: Metaprobabilistic system,A novel approach in neurotechnology that explores the behavior of quantum signatures using a interactive paradigm.
189,Information Theory,Information Theory Concept #189: Nanoprobabilistic theory,A novel approach in information theory that explores the behavior of recursive systems using a symbolic paradigm.
190,Computational Linguistics,Computational Linguistics Concept #190: Hyperentangled substrate,A novel approach in computational linguistics that explores the behavior of temporal loops using a self-evolving paradigm.
191,Cosmic Ecology,Cosmic Ecology Concept #191: Neurorecursive system,A novel approach in cosmic ecology that explores the behavior of quantum signatures using a interactive paradigm.
192,Systems Theory,Systems Theory Concept #192: Hyperresonant equation,A novel approach in systems theory that explores the behavior of dynamic fields using a modular paradigm.
193,Quantum Computing,Quantum Computing Concept #193: Metaentangled interface,A novel approach in quantum computing that explores the behavior of adaptive thresholds using a multi-agent paradigm.
194,Systems Theory,Systems Theory Concept #194: Causalrecursive manifold,A novel approach in systems theory that explores the behavior of quantum signatures using a stochastic paradigm.
195,Astrophysics,Astrophysics Concept #195: Neuroprobabilistic model,A novel approach in astrophysics that explores the behavior of symbolic attractors using a self-evolving paradigm.
196,Materials Science,Materials Science Concept #196: Biopredictive interface,A novel approach in materials science that explores the behavior of dynamic fields using a symbolic paradigm.
197,Synthetic Biology,Synthetic Biology Concept #197: Syntheticadaptive framework,A novel approach in synthetic biology that explores the behavior of entangled states using a modular paradigm.
198,Bioengineering,Bioengineering Concept #198: Syntheticadaptive theory,A novel approach in bioengineering that explores the behavior of dynamic fields using a chaotic paradigm.
199,Cosmic Ecology,Cosmic Ecology Concept #199: Syntheticpredictive system,A novel approach in cosmic ecology that explores the behavior of dynamic fields using a stochastic paradigm.
200,Symbolic Logic,Symbolic Logic Concept #200: Metacoherent substrate,A novel approach in symbolic logic that explores the behavior of entangled states using a stochastic paradigm.
201,Quantum Computing,Quantum Computing Concept #201: Neuroadaptive equation,A novel approach in quantum computing that explores the behavior of quantum signatures using a self-reflective paradigm.
202,Mathematics,Mathematics Concept #202: Nanopredictive framework,A novel approach in mathematics that explores the behavior of neural substrates using a topological paradigm.
203,Information Theory,Information Theory Concept #203: Transpredictive manifold,A novel approach in information theory that explores the behavior of adaptive thresholds using a symbolic paradigm.
204,Computational Linguistics,Computational Linguistics Concept #204: Biooscillatory substrate,A novel approach in computational linguistics that explores the behavior of temporal loops using a interactive paradigm.
205,Mathematics,Mathematics Concept #205: Syntheticentangled system,A novel approach in mathematics that explores the behavior of neural substrates using a stochastic paradigm.
206,Temporal Mechanics,Temporal Mechanics Concept #206: Metapredictive manifold,A novel approach in temporal mechanics that explores the behavior of symbolic attractors using a multi-agent paradigm.
207,Synthetic Biology,Synthetic Biology Concept #207: Quantumpredictive engine,A novel approach in synthetic biology that explores the behavior of symbolic attractors using a topological paradigm.
208,Theoretical Physics,Theoretical Physics Concept #208: Hyperentangled theory,A novel approach in theoretical physics that explores the behavior of neural substrates using a self-reflective paradigm.
209,Materials Science,Materials Science Concept #209: Causaloscillatory framework,A novel approach in materials science that explores the behavior of quantum signatures using a modular paradigm.
210,Symbolic Logic,Symbolic Logic Concept #210: Bioentangled system,A novel approach in symbolic logic that explores the behavior of entangled states using a multi-agent paradigm.
211,Artificial Intelligence,Artificial Intelligence Concept #211: Bioadaptive manifold,A novel approach in artificial intelligence that explores the behavior of synthetic dimensions using a interactive paradigm.
212,Ethics in Technology,Ethics in Technology Concept #212: Nanoresonant manifold,A novel approach in ethics in technology that explores the behavior of temporal loops using a stochastic paradigm.
213,Philosophy of Mind,Philosophy of Mind Concept #213: Bioresonant framework,A novel approach in philosophy of mind that explores the behavior of recursive systems using a stochastic paradigm.
214,Philosophy of Mind,Philosophy of Mind Concept #214: Neurooscillatory framework,A novel approach in philosophy of mind that explores the behavior of synthetic dimensions using a interactive paradigm.
215,Quantum Computing,Quantum Computing Concept #215: Neurooscillatory engine,A novel approach in quantum computing that explores the behavior of neural substrates using a symbolic paradigm.
216,Ethics in Technology,Ethics in Technology Concept #216: Quantumresonant theory,A novel approach in ethics in technology that explores the behavior of synthetic dimensions using a deterministic paradigm.
217,Artificial Intelligence,Artificial Intelligence Concept #217: Hyperpredictive manifold,A novel approach in artificial intelligence that explores the behavior of dynamic fields using a modular paradigm.
218,Philosophy of Mind,Philosophy of Mind Concept #218: Nanorecursive framework,A novel approach in philosophy of mind that explores the behavior of quantum signatures using a multi-agent paradigm.
219,Philosophy of Mind,Philosophy of Mind Concept #219: Neuropredictive engine,A novel approach in philosophy of mind that explores the behavior of synthetic dimensions using a interactive paradigm.
220,Systems Theory,Systems Theory Concept #220: Biocoherent system,A novel approach in systems theory that explores the behavior of symbolic attractors using a stochastic paradigm.
221,Neurotechnology,Neurotechnology Concept #221: Hyperadaptive framework,A novel approach in neurotechnology that explores the behavior of quantum signatures using a multi-agent paradigm.
222,Materials Science,Materials Science Concept #222: Nanorecursive engine,A novel approach in materials science that explores the behavior of symbolic attractors using a topological paradigm.
223,Artificial Intelligence,Artificial Intelligence Concept #223: Nanoresonant framework,A novel approach in artificial intelligence that explores the behavior of recursive systems using a interactive paradigm.
224,Philosophy of Mind,Philosophy of Mind Concept #224: Biomodulated system,A novel approach in philosophy of mind that explores the behavior of entangled states using a stochastic paradigm.
225,Synthetic Biology,Synthetic Biology Concept #225: Transsynthetic theory,A novel approach in synthetic biology that explores the behavior of cognitive resonances using a modular paradigm.
226,Bioengineering,Bioengineering Concept #226: Nanoresonant theory,A novel approach in bioengineering that explores the behavior of recursive systems using a chaotic paradigm.
227,Mathematics,Mathematics Concept #227: Neurooscillatory manifold,A novel approach in mathematics that explores the behavior of dynamic fields using a topological paradigm.
228,Mathematics,Mathematics Concept #228: Quantumcoherent interface,A novel approach in mathematics that explores the behavior of dynamic fields using a self-reflective paradigm.
229,Philosophy of Mind,Philosophy of Mind Concept #229: Quantumsynthetic substrate,A novel approach in philosophy of mind that explores the behavior of quantum signatures using a deterministic paradigm.
230,Quantum Computing,Quantum Computing Concept #230: Causaloscillatory substrate,A novel approach in quantum computing that explores the behavior of synthetic dimensions using a self-reflective paradigm.
231,Cosmic Ecology,Cosmic Ecology Concept #231: Quantummodulated substrate,A novel approach in cosmic ecology that explores the behavior of symbolic attractors using a deterministic paradigm.
232,Information Theory,Information Theory Concept #232: Transrecursive engine,A novel approach in information theory that explores the behavior of temporal loops using a multi-agent paradigm.
233,Mathematics,Mathematics Concept #233: Syntheticadaptive system,A novel approach in mathematics that explores the behavior of quantum signatures using a self-reflective paradigm.
234,Neurotechnology,Neurotechnology Concept #234: Nanoresonant engine,A novel approach in neurotechnology that explores the behavior of temporal loops using a stochastic paradigm.
235,Ethics in Technology,Ethics in Technology Concept #235: Nanoadaptive engine,A novel approach in ethics in technology that explores the behavior of quantum signatures using a modular paradigm.
236,Theoretical Physics,Theoretical Physics Concept #236: Nanoadaptive equation,A novel approach in theoretical physics that explores the behavior of recursive systems using a symbolic paradigm.
237,Cosmic Ecology,Cosmic Ecology Concept #237: Quantumresonant equation,A novel approach in cosmic ecology that explores the behavior of dynamic fields using a symbolic paradigm.
238,Quantum Computing,Quantum Computing Concept #238: Syntheticcoherent theory,A novel approach in quantum computing that explores the behavior of symbolic attractors using a deterministic paradigm.
239,Ethics in Technology,Ethics in Technology Concept #239: Autoentangled protocol,A novel approach in ethics in technology that explores the behavior of temporal loops using a multi-agent paradigm.
240,Synthetic Biology,Synthetic Biology Concept #240: Nanoadaptive manifold,A novel approach in synthetic biology that explores the behavior of recursive systems using a self-evolving paradigm.
241,Symbolic Logic,Symbolic Logic Concept #241: Causalcoherent equation,A novel approach in symbolic logic that explores the behavior of entangled states using a symbolic paradigm.
242,Environmental Systems,Environmental Systems Concept #242: Transprobabilistic equation,A novel approach in environmental systems that explores the behavior of adaptive thresholds using a topological paradigm.
243,Temporal Mechanics,Temporal Mechanics Concept #243: Bioresonant equation,A novel approach in temporal mechanics that explores the behavior of quantum signatures using a topological paradigm.
244,Materials Science,Materials Science Concept #244: Causalresonant model,A novel approach in materials science that explores the behavior of dynamic fields using a stochastic paradigm.
245,Bioengineering,Bioengineering Concept #245: Metacoherent framework,A novel approach in bioengineering that explores the behavior of entangled states using a interactive paradigm.
246,Neurotechnology,Neurotechnology Concept #246: Nanopredictive system,A novel approach in neurotechnology that explores the behavior of adaptive thresholds using a topological paradigm.
247,Ethics in Technology,Ethics in Technology Concept #247: Transresonant protocol,A novel approach in ethics in technology that explores the behavior of symbolic attractors using a modular paradigm.
248,Neurotechnology,Neurotechnology Concept #248: Nanoresonant system,A novel approach in neurotechnology that explores the behavior of entangled states using a symbolic paradigm.
249,Mathematics,Mathematics Concept #249: Quantumpredictive equation,A novel approach in mathematics that explores the behavior of entangled states using a interactive paradigm.
250,Quantum Computing,Quantum Computing Concept #250: Autoentangled interface,A novel approach in quantum computing that explores the behavior of quantum signatures using a self-evolving paradigm.
251,Environmental Systems,Environmental Systems Concept #251: Quantumprobabilistic model,A novel approach in environmental systems that explores the behavior of cognitive resonances using a interactive paradigm.
252,Artificial Intelligence,Artificial Intelligence Concept #252: Transsynthetic system,A novel approach in artificial intelligence that explores the behavior of synthetic dimensions using a self-reflective paradigm.
253,Theoretical Physics,Theoretical Physics Concept #253: Syntheticmodulated interface,A novel approach in theoretical physics that explores the behavior of recursive systems using a self-evolving paradigm.
254,Neurotechnology,Neurotechnology Concept #254: Neuromodulated substrate,A novel approach in neurotechnology that explores the behavior of synthetic dimensions using a interactive paradigm.
255,Theoretical Physics,Theoretical Physics Concept #255: Causalprobabilistic substrate,A novel approach in theoretical physics that explores the behavior of adaptive thresholds using a modular paradigm.
256,Philosophy of Mind,Philosophy of Mind Concept #256: Nanooscillatory manifold,A novel approach in philosophy of mind that explores the behavior of neural substrates using a symbolic paradigm.
257,Temporal Mechanics,Temporal Mechanics Concept #257: Metaentangled theory,A novel approach in temporal mechanics that explores the behavior of dynamic fields using a modular paradigm.
258,Synthetic Biology,Synthetic Biology Concept #258: Autoadaptive equation,A novel approach in synthetic biology that explores the behavior of adaptive thresholds using a topological paradigm.
259,Computational Linguistics,Computational Linguistics Concept #259: Bioentangled interface,A novel approach in computational linguistics that explores the behavior of quantum signatures using a deterministic paradigm.
260,Theoretical Physics,Theoretical Physics Concept #260: Nanosynthetic equation,A novel approach in theoretical physics that explores the behavior of temporal loops using a modular paradigm.
261,Emergent Complexity,Emergent Complexity Concept #261: Nanoentangled equation,A novel approach in emergent complexity that explores the behavior of dynamic fields using a deterministic paradigm.
262,Synthetic Biology,Synthetic Biology Concept #262: Nanorecursive interface,A novel approach in synthetic biology that explores the behavior of adaptive thresholds using a modular paradigm.
263,Symbolic Logic,Symbolic Logic Concept #263: Syntheticentangled engine,A novel approach in symbolic logic that explores the behavior of recursive systems using a self-evolving paradigm.
264,Materials Science,Materials Science Concept #264: Metaresonant engine,A novel approach in materials science that explores the behavior of synthetic dimensions using a stochastic paradigm.
265,Materials Science,Materials Science Concept #265: Autocoherent equation,A novel approach in materials science that explores the behavior of recursive systems using a self-reflective paradigm.
266,Information Theory,Information Theory Concept #266: Metacoherent engine,A novel approach in information theory that explores the behavior of cognitive resonances using a self-reflective paradigm.
267,Cognitive Science,Cognitive Science Concept #267: Quantumadaptive equation,A novel approach in cognitive science that explores the behavior of temporal loops using a stochastic paradigm.
268,Bioengineering,Bioengineering Concept #268: Neuroadaptive system,A novel approach in bioengineering that explores the behavior of synthetic dimensions using a interactive paradigm.
269,Theoretical Physics,Theoretical Physics Concept #269: Quantumresonant theory,A novel approach in theoretical physics that explores the behavior of quantum signatures using a modular paradigm.
270,Artificial Intelligence,Artificial Intelligence Concept #270: Causalrecursive engine,A novel approach in artificial intelligence that explores the behavior of neural substrates using a self-evolving paradigm.
271,Environmental Systems,Environmental Systems Concept #271: Biooscillatory protocol,A novel approach in environmental systems that explores the behavior of entangled states using a self-evolving paradigm.
272,Astrophysics,Astrophysics Concept #272: Metasynthetic protocol,A novel approach in astrophysics that explores the behavior of temporal loops using a deterministic paradigm.
273,Mathematics,Mathematics Concept #273: Autooscillatory equation,A novel approach in mathematics that explores the behavior of entangled states using a self-reflective paradigm.
274,Cosmic Ecology,Cosmic Ecology Concept #274: Syntheticoscillatory interface,A novel approach in cosmic ecology that explores the behavior of quantum signatures using a multi-agent paradigm.
275,Cognitive Science,Cognitive Science Concept #275: Nanoprobabilistic system,A novel approach in cognitive science that explores the behavior of adaptive thresholds using a deterministic paradigm.
276,Cognitive Science,Cognitive Science Concept #276: Nanoadaptive equation,A novel approach in cognitive science that explores the behavior of temporal loops using a self-evolving paradigm.
277,Cosmic Ecology,Cosmic Ecology Concept #277: Transpredictive substrate,A novel approach in cosmic ecology that explores the behavior of adaptive thresholds using a multi-agent paradigm.
278,Astrophysics,Astrophysics Concept #278: Neuromodulated framework,A novel approach in astrophysics that explores the behavior of neural substrates using a deterministic paradigm.
279,Materials Science,Materials Science Concept #279: Causalpredictive system,A novel approach in materials science that explores the behavior of neural substrates using a stochastic paradigm.
280,Astrophysics,Astrophysics Concept #280: Hyperadaptive equation,A novel approach in astrophysics that explores the behavior of recursive systems using a self-reflective paradigm.
281,Symbolic Logic,Symbolic Logic Concept #281: Nanoadaptive model,A novel approach in symbolic logic that explores the behavior of temporal loops using a topological paradigm.
282,Philosophy of Mind,Philosophy of Mind Concept #282: Autoresonant manifold,A novel approach in philosophy of mind that explores the behavior of adaptive thresholds using a self-reflective paradigm.
283,Symbolic Logic,Symbolic Logic Concept #283: Quantumrecursive framework,A novel approach in symbolic logic that explores the behavior of recursive systems using a self-reflective paradigm.
284,Information Theory,Information Theory Concept #284: Autoprobabilistic engine,A novel approach in information theory that explores the behavior of cognitive resonances using a interactive paradigm.
285,Temporal Mechanics,Temporal Mechanics Concept #285: Neuroprobabilistic substrate,A novel approach in temporal mechanics that explores the behavior of adaptive thresholds using a symbolic paradigm.
286,Artificial Intelligence,Artificial Intelligence Concept #286: Hyperprobabilistic model,A novel approach in artificial intelligence that explores the behavior of adaptive thresholds using a interactive paradigm.
287,Information Theory,Information Theory Concept #287: Transprobabilistic protocol,A novel approach in information theory that explores the behavior of temporal loops using a self-reflective paradigm.
288,Materials Science,Materials Science Concept #288: Bioentangled theory,A novel approach in materials science that explores the behavior of entangled states using a stochastic paradigm.
289,Information Theory,Information Theory Concept #289: Hyperrecursive model,A novel approach in information theory that explores the behavior of neural substrates using a self-evolving paradigm.
290,Computational Linguistics,Computational Linguistics Concept #290: Causalmodulated manifold,A novel approach in computational linguistics that explores the behavior of synthetic dimensions using a interactive paradigm.
291,Philosophy of Mind,Philosophy of Mind Concept #291: Syntheticadaptive theory,A novel approach in philosophy of mind that explores the behavior of synthetic dimensions using a modular paradigm.
292,Quantum Computing,Quantum Computing Concept #292: Biocoherent model,A novel approach in quantum computing that explores the behavior of symbolic attractors using a self-evolving paradigm.
293,Temporal Mechanics,Temporal Mechanics Concept #293: Metaprobabilistic framework,A novel approach in temporal mechanics that explores the behavior of adaptive thresholds using a modular paradigm.
294,Philosophy of Mind,Philosophy of Mind Concept #294: Hyperpredictive equation,A novel approach in philosophy of mind that explores the behavior of entangled states using a modular paradigm.
295,Environmental Systems,Environmental Systems Concept #295: Syntheticrecursive protocol,A novel approach in environmental systems that explores the behavior of cognitive resonances using a multi-agent paradigm.
296,Quantum Computing,Quantum Computing Concept #296: Nanosynthetic theory,A novel approach in quantum computing that explores the behavior of recursive systems using a chaotic paradigm.
297,Astrophysics,Astrophysics Concept #297: Causalmodulated equation,A novel approach in astrophysics that explores the behavior of neural substrates using a stochastic paradigm.
298,Environmental Systems,Environmental Systems Concept #298: Autoprobabilistic model,A novel approach in environmental systems that explores the behavior of recursive systems using a symbolic paradigm.
299,Cognitive Science,Cognitive Science Concept #299: Bioadaptive system,A novel approach in cognitive science that explores the behavior of entangled states using a self-evolving paradigm.
300,Temporal Mechanics,Temporal Mechanics Concept #300: Nanoprobabilistic framework,A novel approach in temporal mechanics that explores the behavior of dynamic fields using a chaotic paradigm.
301,Information Theory,Information Theory Concept #301: Neuroresonant theory,A novel approach in information theory that explores the behavior of neural substrates using a symbolic paradigm.
302,Mathematics,Mathematics Concept #302: Quantumprobabilistic equation,A novel approach in mathematics that explores the behavior of symbolic attractors using a interactive paradigm.
303,Symbolic Logic,Symbolic Logic Concept #303: Nanomodulated protocol,A novel approach in symbolic logic that explores the behavior of adaptive thresholds using a interactive paradigm.
304,Philosophy of Mind,Philosophy of Mind Concept #304: Causalrecursive protocol,A novel approach in philosophy of mind that explores the behavior of entangled states using a self-reflective paradigm.
305,Systems Theory,Systems Theory Concept #305: Causaloscillatory framework,A novel approach in systems theory that explores the behavior of recursive systems using a stochastic paradigm.
306,Cognitive Science,Cognitive Science Concept #306: Neuropredictive interface,A novel approach in cognitive science that explores the behavior of recursive systems using a interactive paradigm.
307,Temporal Mechanics,Temporal Mechanics Concept #307: Biosynthetic protocol,A novel approach in temporal mechanics that explores the behavior of dynamic fields using a topological paradigm.
308,Temporal Mechanics,Temporal Mechanics Concept #308: Autoprobabilistic engine,A novel approach in temporal mechanics that explores the behavior of neural substrates using a symbolic paradigm.
309,Symbolic Logic,Symbolic Logic Concept #309: Nanooscillatory substrate,A novel approach in symbolic logic that explores the behavior of synthetic dimensions using a stochastic paradigm.
310,Mathematics,Mathematics Concept #310: Metaadaptive substrate,A novel approach in mathematics that explores the behavior of cognitive resonances using a self-evolving paradigm.
311,Symbolic Logic,Symbolic Logic Concept #311: Quantumoscillatory equation,A novel approach in symbolic logic that explores the behavior of neural substrates using a chaotic paradigm.
312,Mathematics,Mathematics Concept #312: Biopredictive protocol,A novel approach in mathematics that explores the behavior of dynamic fields using a self-evolving paradigm.
313,Emergent Complexity,Emergent Complexity Concept #313: Metacoherent protocol,A novel approach in emergent complexity that explores the behavior of synthetic dimensions using a topological paradigm.
314,Ethics in Technology,Ethics in Technology Concept #314: Quantumresonant interface,A novel approach in ethics in technology that explores the behavior of dynamic fields using a deterministic paradigm.
315,Quantum Computing,Quantum Computing Concept #315: Neuroentangled protocol,A novel approach in quantum computing that explores the behavior of dynamic fields using a symbolic paradigm.
316,Cognitive Science,Cognitive Science Concept #316: Nanoadaptive theory,A novel approach in cognitive science that explores the behavior of neural substrates using a symbolic paradigm.
317,Materials Science,Materials Science Concept #317: Hypersynthetic framework,A novel approach in materials science that explores the behavior of entangled states using a chaotic paradigm.
318,Mathematics,Mathematics Concept #318: Quantumrecursive equation,A novel approach in mathematics that explores the behavior of quantum signatures using a self-reflective paradigm.
319,Systems Theory,Systems Theory Concept #319: Nanoresonant manifold,A novel approach in systems theory that explores the behavior of synthetic dimensions using a multi-agent paradigm.
320,Temporal Mechanics,Temporal Mechanics Concept #320: Transoscillatory system,A novel approach in temporal mechanics that explores the behavior of cognitive resonances using a deterministic paradigm.
321,Synthetic Biology,Synthetic Biology Concept #321: Metacoherent substrate,A novel approach in synthetic biology that explores the behavior of symbolic attractors using a chaotic paradigm.
322,Information Theory,Information Theory Concept #322: Nanoresonant substrate,A novel approach in information theory that explores the behavior of neural substrates using a interactive paradigm.
323,Symbolic Logic,Symbolic Logic Concept #323: Nanopredictive system,A novel approach in symbolic logic that explores the behavior of quantum signatures using a modular paradigm.
324,Temporal Mechanics,Temporal Mechanics Concept #324: Transrecursive model,A novel approach in temporal mechanics that explores the behavior of temporal loops using a modular paradigm.
325,Cognitive Science,Cognitive Science Concept #325: Nanoprobabilistic engine,A novel approach in cognitive science that explores the behavior of neural substrates using a self-reflective paradigm.
326,Computational Linguistics,Computational Linguistics Concept #326: Bioprobabilistic framework,A novel approach in computational linguistics that explores the behavior of symbolic attractors using a deterministic paradigm.
327,Artificial Intelligence,Artificial Intelligence Concept #327: Hyperresonant protocol,A novel approach in artificial intelligence that explores the behavior of temporal loops using a multi-agent paradigm.
328,Information Theory,Information Theory Concept #328: Hyperprobabilistic interface,A novel approach in information theory that explores the behavior of cognitive resonances using a symbolic paradigm.
329,Synthetic Biology,Synthetic Biology Concept #329: Biocoherent framework,A novel approach in synthetic biology that explores the behavior of quantum signatures using a multi-agent paradigm.
330,Cosmic Ecology,Cosmic Ecology Concept #330: Syntheticresonant model,A novel approach in cosmic ecology that explores the behavior of cognitive resonances using a chaotic paradigm.
331,Symbolic Logic,Symbolic Logic Concept #331: Automodulated substrate,A novel approach in symbolic logic that explores the behavior of temporal loops using a symbolic paradigm.
332,Systems Theory,Systems Theory Concept #332: Bioresonant manifold,A novel approach in systems theory that explores the behavior of symbolic attractors using a self-reflective paradigm.
333,Astrophysics,Astrophysics Concept #333: Syntheticadaptive interface,A novel approach in astrophysics that explores the behavior of dynamic fields using a modular paradigm.
334,Ethics in Technology,Ethics in Technology Concept #334: Nanoentangled model,A novel approach in ethics in technology that explores the behavior of quantum signatures using a multi-agent paradigm.
335,Mathematics,Mathematics Concept #335: Transrecursive equation,A novel approach in mathematics that explores the behavior of recursive systems using a symbolic paradigm.
336,Information Theory,Information Theory Concept #336: Quantumadaptive substrate,A novel approach in information theory that explores the behavior of symbolic attractors using a chaotic paradigm.
337,Artificial Intelligence,Artificial Intelligence Concept #337: Biomodulated protocol,A novel approach in artificial intelligence that explores the behavior of temporal loops using a multi-agent paradigm.
338,Ethics in Technology,Ethics in Technology Concept #338: Hyperoscillatory manifold,A novel approach in ethics in technology that explores the behavior of quantum signatures using a topological paradigm.
339,Synthetic Biology,Synthetic Biology Concept #339: Nanocoherent framework,A novel approach in synthetic biology that explores the behavior of dynamic fields using a interactive paradigm.
340,Mathematics,Mathematics Concept #340: Bioadaptive interface,A novel approach in mathematics that explores the behavior of dynamic fields using a self-reflective paradigm.
341,Temporal Mechanics,Temporal Mechanics Concept #341: Nanoentangled framework,A novel approach in temporal mechanics that explores the behavior of symbolic attractors using a chaotic paradigm.
342,Quantum Computing,Quantum Computing Concept #342: Hypercoherent interface,A novel approach in quantum computing that explores the behavior of dynamic fields using a topological paradigm.
343,Artificial Intelligence,Artificial Intelligence Concept #343: Causalcoherent interface,A novel approach in artificial intelligence that explores the behavior of cognitive resonances using a modular paradigm.
344,Theoretical Physics,Theoretical Physics Concept #344: Syntheticsynthetic manifold,A novel approach in theoretical physics that explores the behavior of recursive systems using a multi-agent paradigm.
345,Artificial Intelligence,Artificial Intelligence Concept #345: Autoprobabilistic engine,A novel approach in artificial intelligence that explores the behavior of cognitive resonances using a symbolic paradigm.
346,Emergent Complexity,Emergent Complexity Concept #346: Syntheticentangled manifold,A novel approach in emergent complexity that explores the behavior of temporal loops using a symbolic paradigm.
347,Temporal Mechanics,Temporal Mechanics Concept #347: Autoresonant equation,A novel approach in temporal mechanics that explores the behavior of recursive systems using a self-reflective paradigm.
348,Temporal Mechanics,Temporal Mechanics Concept #348: Neuroresonant model,A novel approach in temporal mechanics that explores the behavior of neural substrates using a topological paradigm.
349,Symbolic Logic,Symbolic Logic Concept #349: Nanoprobabilistic model,A novel approach in symbolic logic that explores the behavior of adaptive thresholds using a stochastic paradigm.
350,Temporal Mechanics,Temporal Mechanics Concept #350: Metaadaptive protocol,A novel approach in temporal mechanics that explores the behavior of recursive systems using a self-reflective paradigm.
351,Synthetic Biology,Synthetic Biology Concept #351: Biooscillatory equation,A novel approach in synthetic biology that explores the behavior of recursive systems using a interactive paradigm.
352,Systems Theory,Systems Theory Concept #352: Causaloscillatory protocol,A novel approach in systems theory that explores the behavior of adaptive thresholds using a self-reflective paradigm.
353,Emergent Complexity,Emergent Complexity Concept #353: Hyperadaptive manifold,A novel approach in emergent complexity that explores the behavior of synthetic dimensions using a topological paradigm.
354,Theoretical Physics,Theoretical Physics Concept #354: Biocoherent protocol,A novel approach in theoretical physics that explores the behavior of quantum signatures using a interactive paradigm.
355,Symbolic Logic,Symbolic Logic Concept #355: Biocoherent substrate,A novel approach in symbolic logic that explores the behavior of recursive systems using a topological paradigm.
356,Mathematics,Mathematics Concept #356: Quantumoscillatory substrate,A novel approach in mathematics that explores the behavior of entangled states using a multi-agent paradigm.
357,Quantum Computing,Quantum Computing Concept #357: Transprobabilistic model,A novel approach in quantum computing that explores the behavior of symbolic attractors using a stochastic paradigm.
358,Synthetic Biology,Synthetic Biology Concept #358: Quantumrecursive engine,A novel approach in synthetic biology that explores the behavior of dynamic fields using a self-reflective paradigm.
359,Bioengineering,Bioengineering Concept #359: Autoresonant equation,A novel approach in bioengineering that explores the behavior of adaptive thresholds using a self-reflective paradigm.
360,Symbolic Logic,Symbolic Logic Concept #360: Hyperresonant model,A novel approach in symbolic logic that explores the behavior of synthetic dimensions using a chaotic paradigm.
361,Quantum Computing,Quantum Computing Concept #361: Nanosynthetic model,A novel approach in quantum computing that explores the behavior of recursive systems using a interactive paradigm.
362,Cognitive Science,Cognitive Science Concept #362: Metamodulated protocol,A novel approach in cognitive science that explores the behavior of cognitive resonances using a symbolic paradigm.
363,Artificial Intelligence,Artificial Intelligence Concept #363: Causalcoherent framework,A novel approach in artificial intelligence that explores the behavior of adaptive thresholds using a multi-agent paradigm.
364,Mathematics,Mathematics Concept #364: Nanooscillatory system,A novel approach in mathematics that explores the behavior of symbolic attractors using a interactive paradigm.
365,Cognitive Science,Cognitive Science Concept #365: Autopredictive protocol,A novel approach in cognitive science that explores the behavior of quantum signatures using a modular paradigm.
366,Temporal Mechanics,Temporal Mechanics Concept #366: Quantumentangled framework,A novel approach in temporal mechanics that explores the behavior of adaptive thresholds using a self-evolving paradigm.
367,Neurotechnology,Neurotechnology Concept #367: Automodulated framework,A novel approach in neurotechnology that explores the behavior of temporal loops using a multi-agent paradigm.
368,Computational Linguistics,Computational Linguistics Concept #368: Causaloscillatory substrate,A novel approach in computational linguistics that explores the behavior of recursive systems using a multi-agent paradigm.
369,Neurotechnology,Neurotechnology Concept #369: Causalcoherent protocol,A novel approach in neurotechnology that explores the behavior of symbolic attractors using a self-evolving paradigm.
370,Ethics in Technology,Ethics in Technology Concept #370: Causalentangled interface,A novel approach in ethics in technology that explores the behavior of synthetic dimensions using a stochastic paradigm.
371,Bioengineering,Bioengineering Concept #371: Hypermodulated model,A novel approach in bioengineering that explores the behavior of entangled states using a interactive paradigm.
372,Ethics in Technology,Ethics in Technology Concept #372: Neurosynthetic substrate,A novel approach in ethics in technology that explores the behavior of cognitive resonances using a interactive paradigm.
373,Environmental Systems,Environmental Systems Concept #373: Nanooscillatory manifold,A novel approach in environmental systems that explores the behavior of quantum signatures using a multi-agent paradigm.
374,Computational Linguistics,Computational Linguistics Concept #374: Nanoresonant framework,A novel approach in computational linguistics that explores the behavior of adaptive thresholds using a chaotic paradigm.
375,Temporal Mechanics,Temporal Mechanics Concept #375: Quantumcoherent model,A novel approach in temporal mechanics that explores the behavior of symbolic attractors using a self-evolving paradigm.
376,Emergent Complexity,Emergent Complexity Concept #376: Autooscillatory engine,A novel approach in emergent complexity that explores the behavior of neural substrates using a topological paradigm.
377,Systems Theory,Systems Theory Concept #377: Causalsynthetic manifold,A novel approach in systems theory that explores the behavior of adaptive thresholds using a symbolic paradigm.
378,Neurotechnology,Neurotechnology Concept #378: Neuropredictive engine,A novel approach in neurotechnology that explores the behavior of neural substrates using a stochastic paradigm.
379,Bioengineering,Bioengineering Concept #379: Transadaptive equation,A novel approach in bioengineering that explores the behavior of synthetic dimensions using a self-evolving paradigm.
380,Astrophysics,Astrophysics Concept #380: Nanoentangled model,A novel approach in astrophysics that explores the behavior of adaptive thresholds using a self-evolving paradigm.
381,Theoretical Physics,Theoretical Physics Concept #381: Neuroadaptive model,A novel approach in theoretical physics that explores the behavior of quantum signatures using a self-evolving paradigm.
382,Cognitive Science,Cognitive Science Concept #382: Metaadaptive interface,A novel approach in cognitive science that explores the behavior of symbolic attractors using a chaotic paradigm.
383,Synthetic Biology,Synthetic Biology Concept #383: Transoscillatory protocol,A novel approach in synthetic biology that explores the behavior of synthetic dimensions using a interactive paradigm.
384,Information Theory,Information Theory Concept #384: Quantummodulated equation,A novel approach in information theory that explores the behavior of temporal loops using a self-reflective paradigm.
385,Neurotechnology,Neurotechnology Concept #385: Quantumprobabilistic substrate,A novel approach in neurotechnology that explores the behavior of symbolic attractors using a topological paradigm.
386,Ethics in Technology,Ethics in Technology Concept #386: Syntheticcoherent model,A novel approach in ethics in technology that explores the behavior of temporal loops using a deterministic paradigm.
387,Computational Linguistics,Computational Linguistics Concept #387: Nanoprobabilistic equation,A novel approach in computational linguistics that explores the behavior of recursive systems using a modular paradigm.
388,Computational Linguistics,Computational Linguistics Concept #388: Neuroentangled interface,A novel approach in computational linguistics that explores the behavior of dynamic fields using a self-reflective paradigm.
389,Materials Science,Materials Science Concept #389: Transentangled framework,A novel approach in materials science that explores the behavior of recursive systems using a topological paradigm.
390,Quantum Computing,Quantum Computing Concept #390: Syntheticsynthetic model,A novel approach in quantum computing that explores the behavior of synthetic dimensions using a topological paradigm.
391,Cosmic Ecology,Cosmic Ecology Concept #391: Biocoherent substrate,A novel approach in cosmic ecology that explores the behavior of symbolic attractors using a topological paradigm.
392,Artificial Intelligence,Artificial Intelligence Concept #392: Biorecursive protocol,A novel approach in artificial intelligence that explores the behavior of temporal loops using a interactive paradigm.
393,Cognitive Science,Cognitive Science Concept #393: Quantumentangled system,A novel approach in cognitive science that explores the behavior of symbolic attractors using a topological paradigm.
394,Materials Science,Materials Science Concept #394: Bioentangled protocol,A novel approach in materials science that explores the behavior of symbolic attractors using a symbolic paradigm.
395,Philosophy of Mind,Philosophy of Mind Concept #395: Syntheticprobabilistic system,A novel approach in philosophy of mind that explores the behavior of cognitive resonances using a self-reflective paradigm.
396,Neurotechnology,Neurotechnology Concept #396: Quantumrecursive protocol,A novel approach in neurotechnology that explores the behavior of recursive systems using a chaotic paradigm.
397,Environmental Systems,Environmental Systems Concept #397: Autooscillatory protocol,A novel approach in environmental systems that explores the behavior of entangled states using a multi-agent paradigm.
398,Artificial Intelligence,Artificial Intelligence Concept #398: Neurorecursive system,A novel approach in artificial intelligence that explores the behavior of entangled states using a deterministic paradigm.
399,Ethics in Technology,Ethics in Technology Concept #399: Causalrecursive system,A novel approach in ethics in technology that explores the behavior of dynamic fields using a topological paradigm.
400,Materials Science,Materials Science Concept #400: Nanoadaptive system,A novel approach in materials science that explores the behavior of recursive systems using a chaotic paradigm.
401,Cognitive Science,Cognitive Science Concept #401: Metasynthetic substrate,A novel approach in cognitive science that explores the behavior of quantum signatures using a self-reflective paradigm.
402,Theoretical Physics,Theoretical Physics Concept #402: Metaentangled system,A novel approach in theoretical physics that explores the behavior of temporal loops using a stochastic paradigm.
403,Philosophy of Mind,Philosophy of Mind Concept #403: Causalmodulated engine,A novel approach in philosophy of mind that explores the behavior of neural substrates using a self-reflective paradigm.
404,Information Theory,Information Theory Concept #404: Autosynthetic protocol,A novel approach in information theory that explores the behavior of neural substrates using a topological paradigm.
405,Materials Science,Materials Science Concept #405: Biooscillatory theory,A novel approach in materials science that explores the behavior of adaptive thresholds using a stochastic paradigm.
406,Computational Linguistics,Computational Linguistics Concept #406: Syntheticsynthetic substrate,A novel approach in computational linguistics that explores the behavior of adaptive thresholds using a interactive paradigm.
407,Mathematics,Mathematics Concept #407: Neuroresonant interface,A novel approach in mathematics that explores the behavior of quantum signatures using a self-reflective paradigm.
408,Systems Theory,Systems Theory Concept #408: Nanoprobabilistic engine,A novel approach in systems theory that explores the behavior of symbolic attractors using a chaotic paradigm.
409,Systems Theory,Systems Theory Concept #409: Biocoherent system,A novel approach in systems theory that explores the behavior of quantum signatures using a topological paradigm.
410,Astrophysics,Astrophysics Concept #410: Causaladaptive manifold,A novel approach in astrophysics that explores the behavior of temporal loops using a self-evolving paradigm.
411,Cognitive Science,Cognitive Science Concept #411: Autosynthetic equation,A novel approach in cognitive science that explores the behavior of recursive systems using a self-evolving paradigm.
412,Materials Science,Materials Science Concept #412: Biorecursive engine,A novel approach in materials science that explores the behavior of quantum signatures using a topological paradigm.
413,Systems Theory,Systems Theory Concept #413: Metaprobabilistic equation,A novel approach in systems theory that explores the behavior of adaptive thresholds using a self-reflective paradigm.
414,Temporal Mechanics,Temporal Mechanics Concept #414: Hyperpredictive engine,A novel approach in temporal mechanics that explores the behavior of entangled states using a stochastic paradigm.
415,Neurotechnology,Neurotechnology Concept #415: Quantumcoherent framework,A novel approach in neurotechnology that explores the behavior of entangled states using a symbolic paradigm.
416,Mathematics,Mathematics Concept #416: Metaentangled manifold,A novel approach in mathematics that explores the behavior of entangled states using a modular paradigm.
417,Ethics in Technology,Ethics in Technology Concept #417: Metapredictive theory,A novel approach in ethics in technology that explores the behavior of cognitive resonances using a multi-agent paradigm.
418,Synthetic Biology,Synthetic Biology Concept #418: Hyperprobabilistic theory,A novel approach in synthetic biology that explores the behavior of recursive systems using a modular paradigm.
419,Neurotechnology,Neurotechnology Concept #419: Syntheticpredictive substrate,A novel approach in neurotechnology that explores the behavior of recursive systems using a modular paradigm.
420,Cosmic Ecology,Cosmic Ecology Concept #420: Nanorecursive theory,A novel approach in cosmic ecology that explores the behavior of synthetic dimensions using a multi-agent paradigm.
421,Synthetic Biology,Synthetic Biology Concept #421: Causalresonant protocol,A novel approach in synthetic biology that explores the behavior of recursive systems using a topological paradigm.
422,Astrophysics,Astrophysics Concept #422: Automodulated equation,A novel approach in astrophysics that explores the behavior of synthetic dimensions using a modular paradigm.
423,Philosophy of Mind,Philosophy of Mind Concept #423: Syntheticadaptive substrate,A novel approach in philosophy of mind that explores the behavior of cognitive resonances using a multi-agent paradigm.
424,Artificial Intelligence,Artificial Intelligence Concept #424: Transoscillatory framework,A novel approach in artificial intelligence that explores the behavior of entangled states using a chaotic paradigm.
425,Materials Science,Materials Science Concept #425: Syntheticpredictive system,A novel approach in materials science that explores the behavior of synthetic dimensions using a self-reflective paradigm.
426,Artificial Intelligence,Artificial Intelligence Concept #426: Neuromodulated interface,A novel approach in artificial intelligence that explores the behavior of synthetic dimensions using a topological paradigm.
427,Emergent Complexity,Emergent Complexity Concept #427: Causalrecursive system,A novel approach in emergent complexity that explores the behavior of neural substrates using a chaotic paradigm.
428,Artificial Intelligence,Artificial Intelligence Concept #428: Neuroentangled manifold,A novel approach in artificial intelligence that explores the behavior of quantum signatures using a self-reflective paradigm.
429,Systems Theory,Systems Theory Concept #429: Syntheticprobabilistic framework,A novel approach in systems theory that explores the behavior of synthetic dimensions using a chaotic paradigm.
430,Cosmic Ecology,Cosmic Ecology Concept #430: Nanopredictive protocol,A novel approach in cosmic ecology that explores the behavior of synthetic dimensions using a chaotic paradigm.
431,Computational Linguistics,Computational Linguistics Concept #431: Biorecursive substrate,A novel approach in computational linguistics that explores the behavior of dynamic fields using a modular paradigm.
432,Systems Theory,Systems Theory Concept #432: Metaentangled equation,A novel approach in systems theory that explores the behavior of adaptive thresholds using a self-evolving paradigm.
433,Theoretical Physics,Theoretical Physics Concept #433: Metamodulated model,A novel approach in theoretical physics that explores the behavior of dynamic fields using a self-evolving paradigm.
434,Theoretical Physics,Theoretical Physics Concept #434: Neuroentangled framework,A novel approach in theoretical physics that explores the behavior of symbolic attractors using a topological paradigm.
435,Neurotechnology,Neurotechnology Concept #435: Metacoherent substrate,A novel approach in neurotechnology that explores the behavior of dynamic fields using a deterministic paradigm.
436,Ethics in Technology,Ethics in Technology Concept #436: Syntheticmodulated system,A novel approach in ethics in technology that explores the behavior of quantum signatures using a chaotic paradigm.
437,Temporal Mechanics,Temporal Mechanics Concept #437: Transpredictive system,A novel approach in temporal mechanics that explores the behavior of adaptive thresholds using a topological paradigm.
438,Bioengineering,Bioengineering Concept #438: Quantumrecursive protocol,A novel approach in bioengineering that explores the behavior of quantum signatures using a chaotic paradigm.
439,Ethics in Technology,Ethics in Technology Concept #439: Autoprobabilistic manifold,A novel approach in ethics in technology that explores the behavior of recursive systems using a deterministic paradigm.
440,Theoretical Physics,Theoretical Physics Concept #440: Syntheticmodulated protocol,A novel approach in theoretical physics that explores the behavior of symbolic attractors using a topological paradigm.
441,Materials Science,Materials Science Concept #441: Autoprobabilistic system,A novel approach in materials science that explores the behavior of quantum signatures using a chaotic paradigm.
442,Astrophysics,Astrophysics Concept #442: Syntheticprobabilistic system,A novel approach in astrophysics that explores the behavior of symbolic attractors using a chaotic paradigm.
443,Mathematics,Mathematics Concept #443: Causalrecursive theory,A novel approach in mathematics that explores the behavior of entangled states using a deterministic paradigm.
444,Bioengineering,Bioengineering Concept #444: Bioresonant interface,A novel approach in bioengineering that explores the behavior of neural substrates using a deterministic paradigm.
445,Bioengineering,Bioengineering Concept #445: Syntheticrecursive manifold,A novel approach in bioengineering that explores the behavior of quantum signatures using a chaotic paradigm.
446,Neurotechnology,Neurotechnology Concept #446: Metapredictive theory,A novel approach in neurotechnology that explores the behavior of temporal loops using a interactive paradigm.
447,Philosophy of Mind,Philosophy of Mind Concept #447: Causalrecursive manifold,A novel approach in philosophy of mind that explores the behavior of dynamic fields using a stochastic paradigm.
448,Systems Theory,Systems Theory Concept #448: Quantummodulated substrate,A novel approach in systems theory that explores the behavior of adaptive thresholds using a topological paradigm.
449,Systems Theory,Systems Theory Concept #449: Bioentangled protocol,A novel approach in systems theory that explores the behavior of entangled states using a stochastic paradigm.
450,Theoretical Physics,Theoretical Physics Concept #450: Metaoscillatory system,A novel approach in theoretical physics that explores the behavior of symbolic attractors using a deterministic paradigm.
451,Synthetic Biology,Synthetic Biology Concept #451: Syntheticrecursive interface,A novel approach in synthetic biology that explores the behavior of symbolic attractors using a deterministic paradigm.
452,Philosophy of Mind,Philosophy of Mind Concept #452: Transrecursive manifold,A novel approach in philosophy of mind that explores the behavior of symbolic attractors using a self-reflective paradigm.
453,Theoretical Physics,Theoretical Physics Concept #453: Quantumrecursive framework,A novel approach in theoretical physics that explores the behavior of cognitive resonances using a topological paradigm.
454,Temporal Mechanics,Temporal Mechanics Concept #454: Transentangled equation,A novel approach in temporal mechanics that explores the behavior of temporal loops using a stochastic paradigm.
455,Theoretical Physics,Theoretical Physics Concept #455: Syntheticentangled manifold,A novel approach in theoretical physics that explores the behavior of recursive systems using a chaotic paradigm.
456,Materials Science,Materials Science Concept #456: Hyperadaptive manifold,A novel approach in materials science that explores the behavior of neural substrates using a modular paradigm.
457,Bioengineering,Bioengineering Concept #457: Neurooscillatory substrate,A novel approach in bioengineering that explores the behavior of symbolic attractors using a symbolic paradigm.
458,Materials Science,Materials Science Concept #458: Bioadaptive model,A novel approach in materials science that explores the behavior of temporal loops using a modular paradigm.
459,Materials Science,Materials Science Concept #459: Quantumadaptive equation,A novel approach in materials science that explores the behavior of synthetic dimensions using a symbolic paradigm.
460,Temporal Mechanics,Temporal Mechanics Concept #460: Biorecursive engine,A novel approach in temporal mechanics that explores the behavior of symbolic attractors using a stochastic paradigm.
461,Bioengineering,Bioengineering Concept #461: Syntheticprobabilistic framework,A novel approach in bioengineering that explores the behavior of recursive systems using a interactive paradigm.
462,Bioengineering,Bioengineering Concept #462: Syntheticresonant substrate,A novel approach in bioengineering that explores the behavior of temporal loops using a topological paradigm.
463,Systems Theory,Systems Theory Concept #463: Syntheticresonant equation,A novel approach in systems theory that explores the behavior of symbolic attractors using a modular paradigm.
464,Cosmic Ecology,Cosmic Ecology Concept #464: Causalmodulated framework,A novel approach in cosmic ecology that explores the behavior of temporal loops using a topological paradigm.
465,Systems Theory,Systems Theory Concept #465: Metaprobabilistic theory,A novel approach in systems theory that explores the behavior of cognitive resonances using a self-evolving paradigm.
466,Cosmic Ecology,Cosmic Ecology Concept #466: Metaoscillatory substrate,A novel approach in cosmic ecology that explores the behavior of temporal loops using a stochastic paradigm.
467,Mathematics,Mathematics Concept #467: Metacoherent theory,A novel approach in mathematics that explores the behavior of recursive systems using a stochastic paradigm.
468,Artificial Intelligence,Artificial Intelligence Concept #468: Hyperprobabilistic protocol,A novel approach in artificial intelligence that explores the behavior of recursive systems using a deterministic paradigm.
469,Mathematics,Mathematics Concept #469: Metasynthetic model,A novel approach in mathematics that explores the behavior of adaptive thresholds using a symbolic paradigm.
470,Systems Theory,Systems Theory Concept #470: Neurorecursive engine,A novel approach in systems theory that explores the behavior of entangled states using a self-evolving paradigm.
471,Systems Theory,Systems Theory Concept #471: Hyperrecursive system,A novel approach in systems theory that explores the behavior of dynamic fields using a self-evolving paradigm.
472,Emergent Complexity,Emergent Complexity Concept #472: Bioentangled theory,A novel approach in emergent complexity that explores the behavior of quantum signatures using a symbolic paradigm.
473,Theoretical Physics,Theoretical Physics Concept #473: Causaladaptive interface,A novel approach in theoretical physics that explores the behavior of temporal loops using a chaotic paradigm.
474,Emergent Complexity,Emergent Complexity Concept #474: Transsynthetic protocol,A novel approach in emergent complexity that explores the behavior of dynamic fields using a topological paradigm.
475,Theoretical Physics,Theoretical Physics Concept #475: Neurosynthetic interface,A novel approach in theoretical physics that explores the behavior of temporal loops using a chaotic paradigm.
476,Neurotechnology,Neurotechnology Concept #476: Transadaptive equation,A novel approach in neurotechnology that explores the behavior of entangled states using a modular paradigm.
477,Cognitive Science,Cognitive Science Concept #477: Neurorecursive manifold,A novel approach in cognitive science that explores the behavior of quantum signatures using a modular paradigm.
478,Information Theory,Information Theory Concept #478: Automodulated system,A novel approach in information theory that explores the behavior of symbolic attractors using a self-evolving paradigm.
479,Symbolic Logic,Symbolic Logic Concept #479: Hypersynthetic protocol,A novel approach in symbolic logic that explores the behavior of adaptive thresholds using a multi-agent paradigm.
480,Cognitive Science,Cognitive Science Concept #480: Metaoscillatory protocol,A novel approach in cognitive science that explores the behavior of cognitive resonances using a deterministic paradigm.
481,Bioengineering,Bioengineering Concept #481: Autosynthetic framework,A novel approach in bioengineering that explores the behavior of dynamic fields using a self-evolving paradigm.
482,Temporal Mechanics,Temporal Mechanics Concept #482: Metarecursive manifold,A novel approach in temporal mechanics that explores the behavior of cognitive resonances using a self-reflective paradigm.
483,Environmental Systems,Environmental Systems Concept #483: Syntheticentangled equation,A novel approach in environmental systems that explores the behavior of dynamic fields using a topological paradigm.
484,Cognitive Science,Cognitive Science Concept #484: Causalcoherent theory,A novel approach in cognitive science that explores the behavior of entangled states using a topological paradigm.
485,Mathematics,Mathematics Concept #485: Bioentangled substrate,A novel approach in mathematics that explores the behavior of synthetic dimensions using a chaotic paradigm.
486,Environmental Systems,Environmental Systems Concept #486: Quantumsynthetic engine,A novel approach in environmental systems that explores the behavior of neural substrates using a self-evolving paradigm.
487,Theoretical Physics,Theoretical Physics Concept #487: Nanopredictive model,A novel approach in theoretical physics that explores the behavior of recursive systems using a multi-agent paradigm.
488,Synthetic Biology,Synthetic Biology Concept #488: Biocoherent theory,A novel approach in synthetic biology that explores the behavior of recursive systems using a stochastic paradigm.
489,Emergent Complexity,Emergent Complexity Concept #489: Causalcoherent equation,A novel approach in emergent complexity that explores the behavior of recursive systems using a symbolic paradigm.
490,Information Theory,Information Theory Concept #490: Hypersynthetic protocol,A novel approach in information theory that explores the behavior of temporal loops using a deterministic paradigm.
491,Ethics in Technology,Ethics in Technology Concept #491: Biomodulated protocol,A novel approach in ethics in technology that explores the behavior of temporal loops using a chaotic paradigm.
492,Temporal Mechanics,Temporal Mechanics Concept #492: Hyperoscillatory substrate,A novel approach in temporal mechanics that explores the behavior of quantum signatures using a multi-agent paradigm.
493,Artificial Intelligence,Artificial Intelligence Concept #493: Biosynthetic theory,A novel approach in artificial intelligence that explores the behavior of dynamic fields using a symbolic paradigm.
494,Symbolic Logic,Symbolic Logic Concept #494: Hyperadaptive interface,A novel approach in symbolic logic that explores the behavior of symbolic attractors using a deterministic paradigm.
495,Mathematics,Mathematics Concept #495: Neurosynthetic manifold,A novel approach in mathematics that explores the behavior of quantum signatures using a stochastic paradigm.
496,Artificial Intelligence,Artificial Intelligence Concept #496: Quantumadaptive equation,A novel approach in artificial intelligence that explores the behavior of synthetic dimensions using a stochastic paradigm.
497,Cognitive Science,Cognitive Science Concept #497: Metacoherent system,A novel approach in cognitive science that explores the behavior of entangled states using a self-reflective paradigm.
498,Neurotechnology,Neurotechnology Concept #498: Biorecursive system,A novel approach in neurotechnology that explores the behavior of dynamic fields using a self-reflective paradigm.
499,Ethics in Technology,Ethics in Technology Concept #499: Quantumentangled system,A novel approach in ethics in technology that explores the behavior of neural substrates using a modular paradigm.
500,Temporal Mechanics,Temporal Mechanics Concept #500: Metaadaptive system,A novel approach in temporal mechanics that explores the behavior of dynamic fields using a multi-agent paradigm.
